category,title,post_slug,image_src,image_alt,post_content,post_excerpt
Socialiniai tinklai,Pavadinta nauja žmonių nuobodumo priežastis,pavadinta-nauja-zmoniu-nuobodumo-priezastis,https://kor.ill.in.ua/m/610x385/2280426.jpg,Pavadinta nauja žmonių nuobodumo priežastis,"<p>
 Tiriamųjų psichiniai gebėjimai buvo išbandyti eksperimento pradžioje, vėliau - 6- Po 9 metų ir eksperimento pabaigoje  </p> <p>
 Mokslininkų išvakarėse vadinami mirtimi miego trūkumo padariniai. Korespondentas taip pat pranešė, kad karštos vonios poveikis yra panašus į tinkamumą.  </p>","Tiriamųjų psichiniai gebėjimai buvo išbandyti eksperimento pradžioje, vėliau - 6- Po 9 metų ir ekspe..."
Socialiniai tinklai,Filmo „Grožis ant galvos“ premjera,filmo-grozis-ant-galvos-premjera,,Filmo „Grožis ant galvos“ premjera,,...
Socialiniai tinklai,Dniepro „išminuotuose“ verslo centruose ir viešbučiuose,dniepro-isminuotuose-verslo-centruose-ir-viesbuciuose,https://kor.ill.in.ua/m/610x385/2220224.jpg,Dniepro „išminuotuose“ verslo centruose ir viešbučiuose,"<p>
Šeštadienį, spalio 27 d., Dniepre, visą dieną buvo „išgaunami“ viešbučiai, sporto centrai ir verslo centrai. Šis informatorius rašo. </p> <p>
Pažymima, kad pirmasis pradėjo gauti ataskaitas apie miesto kalnakasybos viešbučius. Dnepropetrovsk, Astoria, Reikartz, Zagrava, 8 mylių, Bartolomeo ir Khutorok viešbučiai gresia sprogimas. </p> <p>
Tada buvo pranešimų apie bent aštuonių treniruoklių klubų kasybą. Sporto centrų administratoriai ir namų, esančių šalia esančių patalpų, gyventojai buvo evakuoti. Kaip pranešė policija, bet kuriame iš pirmiau minėtų objektų nebuvo aptikta sprogstamųjų medžiagų. </p> <p>
Toliau nežinomi asmenys pranešė apie verslo centrų kasybą. Tarp jų yra Dalasas Stroiteley gatvėje, Enigma Ševčenkoje, „Barrikadnaya“ žingsniai, „Cube“ pergalės krantinėje, citadelė „Svyatoslav“ drąsiai ir žemyne ​​„Gagarin Avenue“. Jame nerasta jokių pavojingų sprogmenų. </p> <p>
</p> <p>
</p> <p>
Prisiminkite, kad spalio 26 d. Dniepre policija gavo pranešimą apie Amūro tilto kasybą. Sprogių objektų nerasta. Netrukus „minera“ buvo sulaikyta. </p> <p>
</p>","Šeštadienį, spalio 27 d., Dniepre, visą dieną buvo „išgaunami“ viešbučiai, sporto centrai ir verslo ..."
Socialiniai tinklai,Mados figūrų namai. Mados vakarėlis Osnobnyak netoli Kijevo,mados-figuru-namai-mados-vakarelis-osnobnyak-netoli-kijevo,,Mados figūrų namai. Mados vakarėlis Osnobnyak netoli Kijevo,<p> Ukrainos dizaineris Olga Gromova savo kaimo namuose surengė 2011 m. pavasario-vasaros sezono kolekcijos mados šou. </p>,Ukrainos dizaineris Olga Gromova savo kaimo namuose surengė 2011 m. pavasario-vasaros sezono kolekci...
Socialiniai tinklai,„iDress“: „Apple“ vilioja „Yves Saint Laurent Fashion House“ vadovas,idress-apple-vilioja-yves-saint-laurent-fashion-house-vadovas,,„iDress“: „Apple“ vilioja „Yves Saint Laurent Fashion House“ vadovas,"<p> Ekspertai nurodo, kad drabužių kompiuteris gali
tapti nauja vartojimo elektronikos plėtra ir mados dizainerio patirtimi
„Apple“ gali būti labai naudinga čia. </p> <p> Atkreipkite dėmesį, kad Paulius Deneuve „Apple“ dirbo 90-aisiais
metų, jo grįžimas rodo, kad bendrovė rimtai rengiasi
pasinaudoti naujausiomis technologijomis. Laidžios srovės išvaizda
rašalas leidžia sukurti lankstesnius integrinius grandynus. Pavyzdžiui, įdėkite
„iPod“ su garsiakalbiais „T-shirt“. </p> <p> „Credit Suisse“ analitikai pažymi, kad rinka
nešiojamos technologijos (sumanūs laikrodžiai, \ t
ausinės, sumanūs batai ir pan.) jau šiandien vertinami 5 mlrd.
tačiau per ateinančius dvejus ar trejus metus jis gali padidėti iki 50 mlrd. JAV dolerių.
pradės tyrinėti šią erdvę su priedais. </p>","Ekspertai nurodo, kad drabužių kompiuteris gali
tapti nauja vartojimo elektronikos plėtra ir mados ..."
Socialiniai tinklai,Milevskis: aš iš karto jaučiau pagarbą Konkordijai,milevskis-as-is-karto-jauciau-pagarba-konkordijai,,Milevskis: aš iš karto jaučiau pagarbą Konkordijai,"<p> 'Labai džiaugiuosi, kad ir toliau darysiu tai, ką mėgstu tęsti, žaisti futbolą. Konkordijos variantas yra įdomus, nes jie labai tikisi manęs. Be to, komanda per šešis mėnesius atliks 19 rungtynių. Man labai patinka žaisti. Rungtynių skaičius yra gera proga įgyti optimalias sąlygas ir padėti mano naujajai komandai pirmosios pagalbos veiksmais </p> <p> Mane sužavėjo naujos klubo sąlygos - keletas gerų vietų, treniruoklių salė, viešbutis. ką manęs concordia jie norėjo pamatyti prezidentą ir vyriausiąjį trenerį, ir tuoj pat pajuto jų pagarbą man, jie iš karto pasakė, kad su jais susisieksiu bet kokiu klausimu ir pažadėjo palaikyti. </p> <p> Noriu pasakyti, kad man nerūpi, kas ar kas manys apie savo pasirinkimą ir tai, ką jie galvoja apie Milevskį, aš nesiruošiu pasiduoti, svarbiausia, visų pirma, kad įrodysiu sau. Ir pamatysite rezultatą “, - sakė Milevsky.","'Labai džiaugiuosi, kad ir toliau darysiu tai, ką mėgstu tęsti, žaisti futbolą. Konkordijos varianta..."
Socialiniai tinklai,Barbecue grilis kaip dovana: specialus pasiūlymas Little Scotland,barbecue-grilis-kaip-dovana-specialus-pasiulymas-little-scotland,,Barbecue grilis kaip dovana: specialus pasiūlymas Little Scotland,"<p class = 'MsoNormal'>   'Mažas
Škotija “pasiruošė savo ateities gyventojams maloniai nustebinti. Tik iki 30
2013 m. Rugsėjo mėn. Pirmieji devyni patogūs gyvenamųjų namų pirkėjai kaime
gauna stilingą kepsninę kaip dovaną.   </p> <p class = 'MsoNormal' style = 'text-align: justify'>      Naujas skatinimas  ' Little Scotland ' (http: //www.sm-sc .ru /)  padės padaryti gyvenimą kaime
smagiau ir maloniau. Per artimiausius 3 mėnesius pirmiausia 
9  klientas  ov , pasirašius  x  townhouse pirkimo sutartį, gausite kepsninę
  Grilis  
kuris yra žinomas ne tik dėl savo aukšto našumo, bet ir dėl
stilingas modernus dizainas. „Little Scotland“ veiksmas vyksta
su įmone   FineLine   - vienas iš pirmaujančių platintojų
techninė įranga, įskaitant židinius, groteles, baldus ir įvairius
priedai, taip pat paslaugų teikėjas, skirtas prekių kūrimui ir projektavimui
 </p> <p class = 'MsoNormal' style = 'text-align: justify'> ' Lauko kepsninė yra būtina šalies savybė
todėl mes pasirinkome grilį kaip dovaną naujiems gyventojams,
kurie dar nėra įgiję reikiamos įrangos. Savaitgaliais
„Mažoji Škotija“ yra pripildyta skanių kvapų: beveik kiekviena šeima
savo sklype ruošia kepsnius, o kas nors eina į kaimynus, „  pasakoja
Aleksejus Khizhnyakovas, Mažosios Škotijos kaimo pardavimų vadovas.  </p> <p class = 'MsoNormal' style = 'mso-margin-top-alt: auto; mso-margin-bottom-alt: auto;
text-align: justify '>  Miestas
„Mažasis Škotija“, įsikūręs 14 km nuo Maskvos žiedinio kelio Leningrado plento
įkūnija klestinčios Europos priemiesčio koncepciją. Projektas apima 682 projektus
gyvenamasis namas nuo 136 iki 188
 kv. m su sklypais nuo 2 iki 9 ha. Minimalios išlaidos
pasiūlymai yra 7,7 mln. rublių. Kaimas šiaurėje neturi analogų
Maskvos regiono kryptis dėl tokių veiksnių kaip homogeniškumas
mažas atstumas nuo sostinės, komforto lygis projekte
ekonominės klasės.  </p>","'Mažas
Škotija “pasiruošė savo ateities gyventojams maloniai nustebinti. Tik iki 30
2013 m. Rugsėj..."
Socialiniai tinklai,Ronaldo ketina įsigyti Brazilijos Playboy,ronaldo-ketina-isigyti-brazilijos-playboy,,Ronaldo ketina įsigyti Brazilijos Playboy,"<p> Dėl galimo sandorio laiko ir jo galimos vertės nepranešama. Galbūt, jei derybos bus sėkmingos, žurnalas bus kontroliuojamas Ronaldo 9INE reklamos agentūroje. </p> <p> Atkreipkite dėmesį, kad Brazilijos „Playboy“ versija buvo išleista nuo 1975 m. Žurnalo mėnesinė apyvarta yra 250 tūkst. Egzempliorių (nepaisant to, kad 1990-aisiais apyvarta siekė vieną milijoną). „The Daily Mail“ teigimu, Ronaldo ketinimu įsigyti publikaciją, tikėtina, kad bus pasiekti ankstesni įrašai. </p> <p> 36 metų Ronaldo, kuris yra vadinamas fenomenu savo tėvynėje (kitas gerai žinomas slapyvardis - Nibbler), tapo žinomas kaip Brazilija. taip pat kalbėti geriausiuose Europos klubuose - Barselonoje, Inter, Real, Milane. Jis buvo pakartotinai vadinamas vienu geriausių žaidėjų per visą futbolo istoriją. </p> <p> Ronaldo futbolininko karjera buvo baigta 2011 m. Nuo tada jis dirba rinkodaros ir reklamos srityje (ex-player pajamos iš sutarčių su įvairiomis įmonėmis siekia 15 mln. Dolerių per metus). Be to, Ronaldo turi sporto klubų tinklą, sportininkų kliniką, naktinį klubą ir nekilnojamąjį turtą, įskaitant Rio de Žaneiro universiteto pastatą. </p> <p> „The Daily Mail“ teigimu, Ronaldo nebuvo pirmasis sportininkas iš Brazilijos kurie nusprendė užsidirbti pinigų sekso pramonei. Taigi, garsus futbolininkas Pele reklamavo „Viagra“, o Ronaldinho šių metų birželio mėnesį pristatė asmeninę prezervatyvų liniją. </p>","Dėl galimo sandorio laiko ir jo galimos vertės nepranešama. Galbūt, jei derybos bus sėkmingos, žurna..."
Socialiniai tinklai,Du sportininkai išėjo iš Ukrainos dviračių komandos,du-sportininkai-isejo-is-ukrainos-dviraciu-komandos,,Du sportininkai išėjo iš Ukrainos dviračių komandos,"<p>
Ukrainos dviratininkų federacijos direktorius Borisas Ivanovas iš komandos komandiravo Sergejus Kozachenko ir iš komandos komandos pašalino Antoną Morugu, remdamasis komandos vadovo Sergejaus Matveyevo oficialia pastaba. </p> <p>
Sergejus Matveyevas, atmintyje, skundėsi, kad keturi atletai treniruojasi automagistralėje dėl sunkių drausmės pažeidimų. </p> <p>
Visų pirma, Kozachenko ir Moruga, nepranešę treneriui, apsisuko prieš planuojamą atšaukimą. Lenktynininkai taip pat nuolat skundžiasi dėl nuovargio „dėl ypatingos priežasties 29–32 km / h greičiu treniruočių metu ir 90–110 km atstumu. Bendrojo fizinio lavinimo mokymai, kuriuos jie atliko, buvo panašūs į fitneso klases. </p> <p>
Be to, Sergejus Matveyevas turi pretenzijas moterų komandų lenktynininkams - Olgai Šekeliui ir Tatjana Ryabchenko. </p> <p>
Šekelis padarė keletą nesuprantamų mokymo planų pakeitimų, motyvuodamas tokiu „didelio impulso, kurį ji neturėtų kelti gruodžio mėn.“, Tačiau tuo pačiu metu treneris yra patenkintas savo darbu mokymo stovykloje. </p> <p>
Ryabchenko nusprendė mokyti individualų planą, o koučingo darbuotojai pareiškė, kad neprisiims atsakomybės už savo rezultatą ir saugumą. </p> <p>
</p>",Ukrainos dviratininkų federacijos direktorius Borisas Ivanovas iš komandos komandiravo Sergejus Koza...
Socialiniai tinklai,Pardavimas baigiasi! -90% „Sport Life“ prenumeratos!,pardavimas-baigiasi-90-sport-life-prenumeratos,,Pardavimas baigiasi! -90% „Sport Life“ prenumeratos!,"<p>
<strong> Likus 3 dienoms! Tai nebus pigiau! </strong> </p> <p>
<strong> Sveikas sveikas </strong> su <strong> Sport Life! </strong> </p> <p>
<strong> 60 pažangiausių baseinų: </strong> olimpinės žaidynės ir sportas, vaikams ir kūdikiams, su bokštais ir nardymo zonomis. </p> <p>
<strong> Nėra chloro kvapo: </strong> Vanduo yra išvalytas 5 etapais, įskaitant ozoną ir ultravioletinį. </p> <p>
<strong> Tapkite stipriais </strong> su Sport Life! </p> <p>
<strong> 90 sporto salių. </strong> 1 000 profesionalių širdies ir kraujagyslių įrangos. 60 ne kartojamų svorio blokatorių. Tik geriausi gamintojai: Precor, Life Fitness, Star Track, Hammer, TechnoGym. </p> <p>
<strong> 1200 aukštos kvalifikacijos trenerių: </strong> olimpiniai nugalėtojai, absolventai, aktyvūs sportininkai. </p> <p>
<strong> Gražus </strong> su „Sport Life“! </p> <p>
<strong> 350 grupinių treniruočių </strong> erdvėse studijose: TRX, Dviračių sportas, Squash, bosu, H.E.A.T.-programos, funkcinis mokymas ir daugybė originalių klasių. </p> <p>
<strong> 35 SPA centrai: </strong> prabangūs vonios kambariai, masažo kambariai, grožio salonai, rauginimo studijos, IPL procedūros. </p> <p>
<strong> Sėkmingų vaikų didinimas </strong> su Sport Life! </p> <p>
<strong> 30 vaikų fitneso akademijų </strong> 17 Ukrainos miestų: vystymosi veikla, sporto klubai, skvošas, plaukimas, anglų klubas, sporto stovykla, savaitgalio klubas. </p> <p>
<strong> Pradėkite šiandien! Šiuo metu! </strong> </p> <p>
(044) 222 4 222 </p>","Likus 3 dienoms! Tai nebus pigiau!  
 Sveikas sveikas su Sport Life!  
 60 pažangiausių baseinų: o..."
