{"category": "International position", "title": "\"Anaconda loop\": How to get out of Russia for the \"red flags\"", "post_slug": "anaconda-loop-how-to-get-out-of-russia-for-the-red-flags", "image_src": "/p/22/226/226257/l-226257.jpg?v=1551596912", "image_alt": "\"Anaconda loop\": How to get out of Russia for the \"red flags\"", "post_content": ""}
{"category": "Terrorism", "title": "The first explosion in the Moscow metro: open terror and closed court", "post_slug": "the-first-explosion-in-the-moscow-metro-open-terror-and-closed-court", "image_src": "/p/22/223/223101/l-223101.jpg?v=1548760113", "image_alt": "The first explosion in the Moscow metro: open terror and closed court", "post_content": ""}
{"category": "International position", "title": "The day when Russian fists turn into stones", "post_slug": "the-day-when-russian-fists-turn-into-stones", "image_src": "/p/22/225/225527/l-225527.jpg?v=1550905697", "image_alt": "The day when Russian fists turn into stones", "post_content": ""}
{"category": "Legacy winners", "title": "Butt cut the head of the officer and three fritz", "post_slug": "butt-cut-the-head-of-the-officer-and-three-fritz", "image_src": "/p/22/223/223453/l-223453.jpg?v=1549019120", "image_alt": "Butt cut the head of the officer and three fritz", "post_content": ""}
{"category": "Crime", "title": "Three weeks of bloody bacchanalia in Moscow", "post_slug": "three-weeks-of-bloody-bacchanalia-in-moscow", "image_src": "/p/22/223/223349/l-223349.jpg?v=1549164472", "image_alt": "Three weeks of bloody bacchanalia in Moscow", "post_content": ""}
{"category": "Day in history", "title": "Who was against the transfer of Crimea to Ukraine", "post_slug": "who-was-against-the-transfer-of-crimea-to-ukraine", "image_src": "/p/22/223/223583/l-223583.jpg?v=1549182044", "image_alt": "Who was against the transfer of Crimea to Ukraine", "post_content": ""}
{"category": "Crime", "title": "A gang of Yakut hunters: They wanted a lot of gold - got shot", "post_slug": "a-gang-of-yakut-hunters-they-wanted-a-lot-of-gold-got-shot", "image_src": "/p/22/224/224164/l-224164.jpg?v=1549818585", "image_alt": "A gang of Yakut hunters: They wanted a lot of gold - got shot", "post_content": ""}
{"category": "Legacy winners", "title": "S. Drozdov: Hungarians gouged out people\u2019s eyes, roasted on fires", "post_slug": "s-drozdov-hungarians-gouged-out-peoples-eyes-roasted-on-fires", "image_src": "/p/22/221/221842/l-221842.jpg?v=1547638435", "image_alt": "S. Drozdov: Hungarians gouged out people\u2019s eyes, roasted on fires", "post_content": ""}
{"category": "China today", "title": "Going to Guizhou: Terme, Miao and Bullfight", "post_slug": "going-to-guizhou-terme-miao-and-bullfight", "image_src": "/p/21/219/219720/l-219720.jpg?v=1545480144", "image_alt": "Going to Guizhou: Terme, Miao and Bullfight", "post_content": ""}
{"category": "International position", "title": "For what Warsaw should thank Stalin", "post_slug": "for-what-warsaw-should-thank-stalin", "image_src": "/p/22/222/222068/l-222068.jpg?v=1548002196", "image_alt": "For what Warsaw should thank Stalin", "post_content": ""}
{"category": "Health protection", "title": "Terrible experiments are carried out over tourists from Russia to Tbilisi.", "post_slug": "terrible-experiments-are-carried-out-over-tourists-from-russia-to-tbilisi", "image_src": "/p/22/220/220573/l-220573.jpg?v=1546064577", "image_alt": "Terrible experiments are carried out over tourists from Russia to Tbilisi.", "post_content": ""}
{"category": "International position", "title": "Friends who were betrayed in the Kremlin", "post_slug": "friends-who-were-betrayed-in-the-kremlin", "image_src": "/p/22/221/221434/l-221434.jpg?v=1547991576", "image_alt": "Friends who were betrayed in the Kremlin", "post_content": ""}
{"category": "China today", "title": "How to drink in China", "post_slug": "how-to-drink-in-china", "image_src": "/p/21/216/216567/l-216567.jpg?v=1545210839", "image_alt": "How to drink in China", "post_content": ""}
{"category": "Social projects", "title": "Stop the car!", "post_slug": "stop-the-car", "image_src": "/p/22/225/225418/l-225418.jpg?v=1550763839", "image_alt": "Stop the car!", "post_content": ""}
{"category": "Power", "title": "Sergey Udaltsov: Putin\u2019s Kashpirovsky session", "post_slug": "sergey-udaltsov-putins-kashpirovsky-session", "image_src": "/p/22/225/225513/l-225513.jpg?v=1551051700", "image_alt": "Sergey Udaltsov: Putin\u2019s Kashpirovsky session", "post_content": ""}
{"category": "Education and science", "title": "Internal emigration of domestic science", "post_slug": "internal-emigration-of-domestic-science", "image_src": "/p/22/225/225547/l-225547.jpg?v=1551010271", "image_alt": "Internal emigration of domestic science", "post_content": ""}
{"category": "The crisis in Ukraine", "title": "Elections in a circus during a fire", "post_slug": "elections-in-a-circus-during-a-fire", "image_src": "/p/22/225/225598/l-225598.jpg?v=1550918679", "image_alt": "Elections in a circus during a fire", "post_content": ""}
{"category": "The crisis in Ukraine", "title": "Petro Poroshenko threw the dream beyond the horizon", "post_slug": "petro-poroshenko-threw-the-dream-beyond-the-horizon", "image_src": "/p/22/225/225664/l-225664.jpg?v=1551014448", "image_alt": "Petro Poroshenko threw the dream beyond the horizon", "post_content": ""}
{"category": "Literature", "title": "Who will stay on the ground?", "post_slug": "who-will-stay-on-the-ground", "image_src": "/p/22/225/225776/l-225776.jpg?v=1551112731", "image_alt": "Who will stay on the ground?", "post_content": ""}
{"category": "News of show business", "title": "What secret kept Decl, hoping to die in 35", "post_slug": "what-secret-kept-decl-hoping-to-die-in-35", "image_src": "/p/22/223/223752/l-223752.jpg?v=1549479251", "image_alt": "What secret kept Decl, hoping to die in 35", "post_content": ""}
{"category": "National Policy Issues", "title": "Heroes of Russia-2019: Grandma prostitutes and killer doctors are annealed", "post_slug": "heroes-of-russia-2019-grandma-prostitutes-and-killer-doctors-are-annealed", "image_src": "/p/22/223/223999/l-223999.jpg?v=1549602410", "image_alt": "Heroes of Russia-2019: Grandma prostitutes and killer doctors are annealed", "post_content": ""}
{"category": "War in Syria", "title": "Why does Asad set off Moscow with Ankara", "post_slug": "why-does-asad-set-off-moscow-with-ankara", "image_src": "/p/22/225/225178/l-225178.jpg?v=1550639863", "image_alt": "Why does Asad set off Moscow with Ankara", "post_content": ""}
{"category": "War in Syria", "title": "Why the Kremlin decided to get rid of Assad", "post_slug": "why-the-kremlin-decided-to-get-rid-of-assad", "image_src": "/p/22/225/225607/l-225607.jpg?v=1550990227", "image_alt": "Why the Kremlin decided to get rid of Assad", "post_content": ""}
{"category": "War in Syria", "title": "Israel conducts a murderous nuclear experiment on the Syrians", "post_slug": "israel-conducts-a-murderous-nuclear-experiment-on-the-syrians", "image_src": "/p/22/225/225784/l-225784.jpg?v=1551173994", "image_alt": "Israel conducts a murderous nuclear experiment on the Syrians", "post_content": ""}
{"category": "War in Syria", "title": "The United States admitted defeat: \"Putin defeated the West\"", "post_slug": "the-united-states-admitted-defeat-putin-defeated-the-west", "image_src": "/p/22/225/225941/l-225941.jpg?v=1551263752", "image_alt": "The United States admitted defeat: \"Putin defeated the West\"", "post_content": ""}
{"category": "War in Syria", "title": "The Pentagon is sure: the F-35 is best suited for air strikes in Moscow, Beijing or Pyongyang", "post_slug": "the-pentagon-is-sure-the-f-35-is-best-suited-for-air-strikes-in-moscow-beijing-or-pyongyang", "image_src": "/p/22/226/226047/l-226047.jpg?v=1551349930", "image_alt": "The Pentagon is sure: the F-35 is best suited for air strikes in Moscow, Beijing or Pyongyang", "post_content": ""}
{"category": "Cinema and theater", "title": "\"Oblomov\" - 2018, intrigue remains", "post_slug": "oblomov-2018-intrigue-remains", "image_src": "/p/21/212/212976/l-212976.jpg?v=1543819303", "image_alt": "\"Oblomov\" - 2018, intrigue remains", "post_content": ""}
{"category": "Cinema and theater", "title": "Nikolai Karachentsov did not live to see the 74th birthday", "post_slug": "nikolai-karachentsov-did-not-live-to-see-the-74th-birthday", "image_src": "/p/21/214/214260/l-214260.jpg?v=1540546502", "image_alt": "Nikolai Karachentsov did not live to see the 74th birthday", "post_content": ""}
{"category": "Post-soviet space", "title": "How the sails of the Riga Film Studio fell", "post_slug": "how-the-sails-of-the-riga-film-studio-fell", "image_src": "/p/21/215/215088/l-215088.jpg?v=1543850545", "image_alt": "How the sails of the Riga Film Studio fell", "post_content": ""}
{"category": "War in Syria", "title": "Israeli tanks destroyed a hospital in Syria", "post_slug": "israeli-tanks-destroyed-a-hospital-in-syria", "image_src": "", "image_alt": "Israeli tanks destroyed a hospital in Syria", "post_content": ""}
{"category": "War in Syria", "title": "British media admitted staging himataku in the Syrian Duma", "post_slug": "british-media-admitted-staging-himataku-in-the-syrian-duma", "image_src": "https://get.pxhere.com/photo/action-beverage-brainstorming-business-cheerful-colleagues-communication-computer-connection-digital-device-discussion-diverse-entrepreneur-expression-folder-friends-giving-group-handing-hands-information-laptop-man-meeting-mobile-phone-network-notebook-paper-paperwork-people-sending-smile-startup-strategy-talking-team-teamwork-technology-together-vision-woman-work-working-workplace-workshop-workspace-collaboration-furniture-electronic-device-office-1436089.jpg", "image_alt": "British media admitted staging himataku in the Syrian Duma", "post_content": ""}
{"category": "War in Syria", "title": "The Russian Foreign Ministry commented on the recognition of the producer BBC about fake himatak in Syria", "post_slug": "the-russian-foreign-ministry-commented-on-the-recognition-of-the-producer-bbc-about-fake-himatak-in-syria", "image_src": "https://cdn.pixabay.com/photo/2014/11/21/17/24/ministry-of-foreign-affairs-540810_640.jpg", "image_alt": "The Russian Foreign Ministry commented on the recognition of the producer BBC about fake himatak in Syria", "post_content": ""}
{"category": "War in Syria", "title": "\"All the dew of God\" - Nebenzya about the reaction of the West to expose \"Himataki\" in the Duma", "post_slug": "all-the-dew-of-god-nebenzya-about-the-reaction-of-the-west-to-expose-himataki-in-the-duma", "image_src": "https://c.pxhere.com/photos/34/a1/grass_wet_green_rain_rain_drops_nature_summer_dew-856442.jpg!d", "image_alt": "\"All the dew of God\" - Nebenzya about the reaction of the West to expose \"Himataki\" in the Duma", "post_content": ""}
{"category": "War in Syria", "title": "In the Defense Ministry consider that the editor of the BBC may be subjected to persecution for the truth about the Duma", "post_slug": "in-the-defense-ministry-consider-that-the-editor-of-the-bbc-may-be-subjected-to-persecution-for-the-truth-about-the-duma", "image_src": "https://get.pxhere.com/photo/person-rope-military-female-soldier-army-balance-training-profession-fitness-crawl-focus-uniform-effort-school-strong-strength-basic-excellence-technique-732497.jpg", "image_alt": "In the Defense Ministry consider that the editor of the BBC may be subjected to persecution for the truth about the Duma", "post_content": ""}
{"category": "China today", "title": "Chinese cartoon-series about the life of Karl Marx will be translated into Russian", "post_slug": "chinese-cartoon-series-about-the-life-of-karl-marx-will-be-translated-into-russian", "image_src": "https://cdn4.picryl.com/photo/1882/01/01/the-anti-chinese-wall-f-graetz-1024.jpg", "image_alt": "Chinese cartoon-series about the life of Karl Marx will be translated into Russian", "post_content": ""}
{"category": "China today", "title": "China boosts gold reserves", "post_slug": "china-boosts-gold-reserves", "image_src": "", "image_alt": "China boosts gold reserves", "post_content": ""}
{"category": "China today", "title": "China has developed a unique radar for the detection of explosives", "post_slug": "china-has-developed-a-unique-radar-for-the-detection-of-explosives", "image_src": "https://archive.org/download/ChineseLanguageShowedUpFullyDeveloped/ChineseLanguageShowedUpFullyDeveloped.gif", "image_alt": "China has developed a unique radar for the detection of explosives", "post_content": ""}
{"category": "The medicine", "title": "Can you get cancer", "post_slug": "can-you-get-cancer", "image_src": "/p/21/219/219488/l-219488.jpg?v=1545135147", "image_alt": "Can you get cancer", "post_content": ""}
{"category": "Health protection", "title": "Ministry of Health is tired to warn: Smokers are waiting to be shot", "post_slug": "ministry-of-health-is-tired-to-warn-smokers-are-waiting-to-be-shot", "image_src": "/p/22/220/220330/l-220330.jpg?v=1545826808", "image_alt": "Ministry of Health is tired to warn: Smokers are waiting to be shot", "post_content": ""}
{"category": "Health protection", "title": "Influenza on Russia comes from Georgia and Ukraine", "post_slug": "influenza-on-russia-comes-from-georgia-and-ukraine", "image_src": "/p/22/221/221892/l-221892.jpg?v=1547657517", "image_alt": "Influenza on Russia comes from Georgia and Ukraine", "post_content": ""}
{"category": "War in Syria", "title": "Russian military heroically killed in Syria", "post_slug": "russian-military-heroically-killed-in-syria", "image_src": "", "image_alt": "Russian military heroically killed in Syria", "post_content": ""}
{"category": "War in Syria", "title": "US media called the Russian S-300 a trump card in Syria", "post_slug": "us-media-called-the-russian-s-300-a-trump-card-in-syria", "image_src": "https://cdn10.picryl.com/photo/2003/01/30/during-operation-mongoose-a-us-army-usa-ah64a-apache-attack-helicopter-is-called-619984-640.jpg", "image_alt": "US media called the Russian S-300 a trump card in Syria", "post_content": ""}
{"category": "War in Syria", "title": "Coalition airstrike in Syria led to the death of 16 civilians", "post_slug": "coalition-airstrike-in-syria-led-to-the-death-of-16-civilians", "image_src": "https://cdn10.picryl.com/photo/1991/01/29/smoke-billows-from-several-burning-oil-storage-tanks-at-the-al-basrah-refinery-44fc00-1600.jpg", "image_alt": "Coalition airstrike in Syria led to the death of 16 civilians", "post_content": ""}
{"category": "China today", "title": "Chinese archaeologists discovered the ancient city", "post_slug": "chinese-archaeologists-discovered-the-ancient-city", "image_src": "https://get.pxhere.com/photo/rock-formation-statue-soldier-column-sculpture-geology-temple-badlands-carving-china-buried-archaeological-site-xi-an-stone-carving-terracotta-army-ancient-history-1268749.jpg", "image_alt": "Chinese archaeologists discovered the ancient city", "post_content": ""}
{"category": "China today", "title": "China became the first in the world in terms of data processed", "post_slug": "china-became-the-first-in-the-world-in-terms-of-data-processed", "image_src": "http://headcity.com/images/persecution-of-LiFanwu.jpg", "image_alt": "China became the first in the world in terms of data processed", "post_content": ""}
{"category": "Personal life", "title": "How family sex makes spouses freaks", "post_slug": "how-family-sex-makes-spouses-freaks", "image_src": "/p/22/222/222103/l-222103.jpg?v=1547886691", "image_alt": "How family sex makes spouses freaks", "post_content": ""}
{"category": "Personal life", "title": "40 year old virgins are waiting for princes on white Lexus", "post_slug": "40-year-old-virgins-are-waiting-for-princes-on-white-lexus", "image_src": "/p/22/222/222862/l-222862.jpg?v=1548523256", "image_alt": "40 year old virgins are waiting for princes on white Lexus", "post_content": ""}
{"category": "China today", "title": "A spare nose will grow on your forehead, ear on your wrist, face on your chest ...", "post_slug": "a-spare-nose-will-grow-on-your-forehead-ear-on-your-wrist-face-on-your-chest", "image_src": "/p/22/222/222931/l-222931.jpg?v=1548652755", "image_alt": "A spare nose will grow on your forehead, ear on your wrist, face on your chest ...", "post_content": ""}
{"category": "China today", "title": "A hospital network will be created in China to diagnose and treat rare diseases.", "post_slug": "a-hospital-network-will-be-created-in-china-to-diagnose-and-treat-rare-diseases", "image_src": "http://www.pixnio.com/free-images/science/medical-science/nurse-checking-patients-in-a-community-clinic-west-bank-gaza-improving-community-health.jpg", "image_alt": "A hospital network will be created in China to diagnose and treat rare diseases.", "post_content": ""}
{"category": "China today", "title": "Ancient statues of people and horses discovered in China", "post_slug": "ancient-statues-of-people-and-horses-discovered-in-china", "image_src": "https://cdn.pixabay.com/photo/2015/01/04/10/30/hercules-588138_960_720.jpg", "image_alt": "Ancient statues of people and horses discovered in China", "post_content": ""}
{"category": "China today", "title": "China will create a train of the future", "post_slug": "china-will-create-a-train-of-the-future", "image_src": "https://thumbs.dreamstime.com/m/great-wall-china-travel-stormy-sky-clouds-dramatic-scene-near-beijing-create-dramatic-scenic-backdrop-36567269.jpg", "image_alt": "China will create a train of the future", "post_content": ""}
{"category": "China today", "title": "In China, the world's first technical standards for energy consumption ETS", "post_slug": "in-china-the-world-s-first-technical-standards-for-energy-consumption-ets", "image_src": "https://cdn.pixabay.com/photo/2017/03/25/19/44/the-chinese-wall-2174275_960_720.jpg", "image_alt": "In China, the world's first technical standards for energy consumption ETS", "post_content": ""}
{"category": "China today", "title": "China has developed a surface combat drone", "post_slug": "china-has-developed-a-surface-combat-drone", "image_src": "https://archive.org/download/ChineseLanguageShowedUpFullyDeveloped/ChineseLanguageShowedUpFullyDeveloped.gif", "image_alt": "China has developed a surface combat drone", "post_content": ""}
{"category": "The medicine", "title": "Most people in Russia are ruined by lung and breast cancer", "post_slug": "most-people-in-russia-are-ruined-by-lung-and-breast-cancer", "image_src": "/p/22/223/223692/l-223692.jpg?v=1549300520", "image_alt": "Most people in Russia are ruined by lung and breast cancer", "post_content": ""}
{"category": "Personal life", "title": "Unusual dating stories or how to find love", "post_slug": "unusual-dating-stories-or-how-to-find-love", "image_src": "/p/22/224/224152/l-224152.jpg?v=1549787614", "image_alt": "Unusual dating stories or how to find love", "post_content": ""}
{"category": "Health protection", "title": "What flu drugs can cause cancer?", "post_slug": "what-flu-drugs-can-cause-cancer", "image_src": "/p/22/224/224231/l-224231.jpg?v=1550033272", "image_alt": "What flu drugs can cause cancer?", "post_content": ""}
{"category": "War in Syria", "title": "Peskov estimated the likelihood of a military operation in Idlib", "post_slug": "peskov-estimated-the-likelihood-of-a-military-operation-in-idlib", "image_src": "", "image_alt": "Peskov estimated the likelihood of a military operation in Idlib", "post_content": ""}
{"category": "War in Syria", "title": "Trump called on Europe to pick up terrorists from Syria", "post_slug": "trump-called-on-europe-to-pick-up-terrorists-from-syria", "image_src": "https://thegarrisoncenter.org/wp-content/uploads/2015/02/RGBStock.comVaccinePhoto.jpg", "image_alt": "Trump called on Europe to pick up terrorists from Syria", "post_content": ""}
{"category": "War in Syria", "title": "Only 200 military from the USA will remain in Syria", "post_slug": "only-200-military-from-the-usa-will-remain-in-syria", "image_src": "", "image_alt": "Only 200 military from the USA will remain in Syria", "post_content": ""}
{"category": "War in Syria", "title": "Swedish Prime Minister does not want to deal with militants IG", "post_slug": "swedish-prime-minister-does-not-want-to-deal-with-militants-ig", "image_src": "https://archive.org/services/img/gov.house.hbs.hrs03EI_GW-I_R2172_070515.2", "image_alt": "Swedish Prime Minister does not want to deal with militants IG", "post_content": ""}
{"category": "War in Syria", "title": "Putin assessed the situation in Syria", "post_slug": "putin-assessed-the-situation-in-syria", "image_src": "", "image_alt": "Putin assessed the situation in Syria", "post_content": ""}
{"category": "War in Syria", "title": "The media reported that the Americans received from the militants in Syria, gold for their patronage", "post_slug": "the-media-reported-that-the-americans-received-from-the-militants-in-syria-gold-for-their-patronage", "image_src": "https://c.pxhere.com/photos/ee/6c/news_reporting_crew_reporter_television_camera_news_crew_man_media-927151.jpg!d", "image_alt": "The media reported that the Americans received from the militants in Syria, gold for their patronage", "post_content": ""}
{"category": "War in Syria", "title": "Western coalition struck at civilians in Syria", "post_slug": "western-coalition-struck-at-civilians-in-syria", "image_src": "https://cdn10.picryl.com/photo/1991/03/05/an-oil-storage-tank-at-a-refinery-that-was-attacked-by-coalition-aircraft-during-c1ddb2-640.jpg", "image_alt": "Western coalition struck at civilians in Syria", "post_content": ""}
{"category": "World Championship 2018", "title": "World Cup 2018: Russia considers losses, and FIFA - a record gain", "post_slug": "world-cup-2018-russia-considers-losses-and-fifa-a-record-gain", "image_src": "/p/20/205/205761/l-205761.jpg?v=1532083310", "image_alt": "World Cup 2018: Russia considers losses, and FIFA - a record gain", "post_content": ""}
{"category": "World Championship 2018", "title": "World Cup 2018: Russia shikanula before the West, but could not cajole", "post_slug": "world-cup-2018-russia-shikanula-before-the-west-but-could-not-cajole", "image_src": "/p/20/206/206125/l-206125.jpg?v=1532500940", "image_alt": "World Cup 2018: Russia shikanula before the West, but could not cajole", "post_content": ""}
{"category": "World Championship 2018", "title": "\u201cThey would give right away in the Kremlin Heroes of Russia for the 8th place!\u201d", "post_slug": "they-would-give-right-away-in-the-kremlin-heroes-of-russia-for-the-8th-place", "image_src": "/p/20/206/206633/l-206633.jpg?v=1532959443", "image_alt": "\u201cThey would give right away in the Kremlin Heroes of Russia for the 8th place!\u201d", "post_content": ""}
{"category": "World Championship 2018", "title": "World Cup 2018: \u201cKremlin oligarchs\u201d were the most popular", "post_slug": "world-cup-2018-kremlin-oligarchs-were-the-most-popular", "image_src": "/p/20/206/206802/l-206802.jpg?v=1533116538", "image_alt": "World Cup 2018: \u201cKremlin oligarchs\u201d were the most popular", "post_content": ""}
{"category": "Russian Crimea", "title": "Even the West is indignant at Crimea's discrimination, while Russia is silent", "post_slug": "even-the-west-is-indignant-at-crimea-s-discrimination-while-russia-is-silent", "image_src": "/p/20/207/207490/l-207490.jpg?v=1533811690", "image_alt": "Even the West is indignant at Crimea's discrimination, while Russia is silent", "post_content": ""}
{"category": "European Cup", "title": "Carrera lost control of both Spartak and himself", "post_slug": "carrera-lost-control-of-both-spartak-and-himself", "image_src": "/p/20/207/207984/l-207984.jpg?v=1534365642", "image_alt": "Carrera lost control of both Spartak and himself", "post_content": ""}
{"category": "International position", "title": "The West in vain does not believe in the military advantage of the Russians", "post_slug": "the-west-in-vain-does-not-believe-in-the-military-advantage-of-the-russians", "image_src": "/p/20/204/204086/l-204086.jpg?v=1530344796", "image_alt": "The West in vain does not believe in the military advantage of the Russians", "post_content": ""}
{"category": "Post-soviet space", "title": "Hidden threat of Lithuanian pagans", "post_slug": "hidden-threat-of-lithuanian-pagans", "image_src": "/p/20/203/203980/l-203980.jpg?v=1530360645", "image_alt": "Hidden threat of Lithuanian pagans", "post_content": ""}
{"category": "Pension system", "title": "Trump will show Putin how the pension reform should be done", "post_slug": "trump-will-show-putin-how-the-pension-reform-should-be-done", "image_src": "/p/20/209/209777/l-209777.jpg?v=1536047136", "image_alt": "Trump will show Putin how the pension reform should be done", "post_content": ""}
{"category": "China today", "title": "China's mega-bridge: 420 thousand tons of steel, underwater tunnel and 55 km of track", "post_slug": "china-s-mega-bridge-420-thousand-tons-of-steel-underwater-tunnel-and-55-km-of-track", "image_src": "/p/21/214/214351/l-214351.jpg?v=1540729449", "image_alt": "China's mega-bridge: 420 thousand tons of steel, underwater tunnel and 55 km of track", "post_content": ""}
{"category": "China today", "title": "In Beijing, built the first in China test zone of artificial intelligence", "post_slug": "in-beijing-built-the-first-in-china-test-zone-of-artificial-intelligence", "image_src": "https://cdn.pixabay.com/photo/2012/02/29/12/23/building-19045_960_720.jpg", "image_alt": "In Beijing, built the first in China test zone of artificial intelligence", "post_content": ""}
{"category": "China today", "title": "China has developed a unique microprobe for endoscopic examination of the stomach", "post_slug": "china-has-developed-a-unique-microprobe-for-endoscopic-examination-of-the-stomach", "image_src": "https://archive.org/download/ChineseLanguageShowedUpFullyDeveloped/ChineseLanguageShowedUpFullyDeveloped.gif", "image_alt": "China has developed a unique microprobe for endoscopic examination of the stomach", "post_content": ""}
{"category": "China today", "title": "In China, found the remains of prehistoric reptiles", "post_slug": "in-china-found-the-remains-of-prehistoric-reptiles", "image_src": "https://blog.hboeck.de/uploads/hallstatt-town.jpg", "image_alt": "In China, found the remains of prehistoric reptiles", "post_content": ""}
{"category": "China today", "title": "China will create a solar power plant in space", "post_slug": "china-will-create-a-solar-power-plant-in-space", "image_src": "https://thumbs.dreamstime.com/m/great-wall-china-travel-stormy-sky-clouds-dramatic-scene-near-beijing-create-dramatic-scenic-backdrop-36567269.jpg", "image_alt": "China will create a solar power plant in space", "post_content": ""}
{"category": "China today", "title": "In China, will reduce business taxes", "post_slug": "in-china-will-reduce-business-taxes", "image_src": "https://cdn.pixabay.com/photo/2017/03/25/19/44/the-chinese-wall-2174275_960_720.jpg", "image_alt": "In China, will reduce business taxes", "post_content": ""}
{"category": "China today", "title": "The day the iPhone disappears", "post_slug": "the-day-the-iphone-disappears", "image_src": "/p/22/223/223595/l-223595.jpg?v=1549215498", "image_alt": "The day the iPhone disappears", "post_content": ""}
{"category": "China today", "title": "Americans are not afraid of Russian missiles, and the Chinese \"Dongfeng\"", "post_slug": "americans-are-not-afraid-of-russian-missiles-and-the-chinese-dongfeng", "image_src": "/p/22/224/224138/l-224138.jpg?v=1549739591", "image_alt": "Americans are not afraid of Russian missiles, and the Chinese \"Dongfeng\"", "post_content": ""}
{"category": "China today", "title": "Beijing's top ten: What struck the world is China in 2018", "post_slug": "beijing-s-top-ten-what-struck-the-world-is-china-in-2018", "image_src": "/p/22/224/224232/l-224232.jpg?v=1549879949", "image_alt": "Beijing's top ten: What struck the world is China in 2018", "post_content": ""}
{"category": "China today", "title": "What is the difference between the Chinese giant Huawei, the Ministry of Industry and Trade of the Russian Federation and Rosnano", "post_slug": "what-is-the-difference-between-the-chinese-giant-huawei-the-ministry-of-industry-and-trade-of-the-russian-federation-and-rosnano", "image_src": "/p/22/224/224670/l-224670.jpg?v=1550407122", "image_alt": "What is the difference between the Chinese giant Huawei, the Ministry of Industry and Trade of the Russian Federation and Rosnano", "post_content": ""}
{"category": "Health protection", "title": "Beggars Russians with fat waists annoy power", "post_slug": "beggars-russians-with-fat-waists-annoy-power", "image_src": "/p/22/224/224847/l-224847.jpg?v=1550303467", "image_alt": "Beggars Russians with fat waists annoy power", "post_content": ""}
{"category": "Health protection", "title": "Picked up the infection: Measles epidemic begins in Russia", "post_slug": "picked-up-the-infection-measles-epidemic-begins-in-russia", "image_src": "/p/22/225/225140/l-225140.jpg?v=1550589432", "image_alt": "Picked up the infection: Measles epidemic begins in Russia", "post_content": ""}
{"category": "Health protection", "title": "How to choose a remedy for the common cold: Comparison of different drugs", "post_slug": "how-to-choose-a-remedy-for-the-common-cold-comparison-of-different-drugs", "image_src": "/p/22/225/225497/l-225497.jpg?v=1551107497", "image_alt": "How to choose a remedy for the common cold: Comparison of different drugs", "post_content": ""}
{"category": "Personal life", "title": "As \"obabili\" Russian men, turning into gigolos", "post_slug": "as-obabili-russian-men-turning-into-gigolos", "image_src": "/p/22/225/225601/l-225601.jpg?v=1550927667", "image_alt": "As \"obabili\" Russian men, turning into gigolos", "post_content": ""}
{"category": "Climate weapon", "title": "The threat of a nuclear winter: Magma under Yellowstone rises", "post_slug": "the-threat-of-a-nuclear-winter-magma-under-yellowstone-rises", "image_src": "/p/22/222/222051/l-222051.jpg?v=1547886502", "image_alt": "The threat of a nuclear winter: Magma under Yellowstone rises", "post_content": ""}
{"category": "Emergencies", "title": "Kerch Strait in Fire: Details of the tragedy at sea", "post_slug": "kerch-strait-in-fire-details-of-the-tragedy-at-sea", "image_src": "/p/22/222/222398/l-222398.jpg?v=1548145891", "image_alt": "Kerch Strait in Fire: Details of the tragedy at sea", "post_content": ""}
{"category": "MIC problems", "title": "Only in flight pilots die: 2 crashes a week - it's scary", "post_slug": "only-in-flight-pilots-die-2-crashes-a-week-it-s-scary", "image_src": "/p/22/222/222499/l-222499.jpg?v=1548224981", "image_alt": "Only in flight pilots die: 2 crashes a week - it's scary", "post_content": ""}
{"category": "International position", "title": "Sanctions or smuggling: The tragedy on the Black Sea is overgrown with new versions", "post_slug": "sanctions-or-smuggling-the-tragedy-on-the-black-sea-is-overgrown-with-new-versions", "image_src": "/p/22/222/222607/l-222607.jpg?v=1548307554", "image_alt": "Sanctions or smuggling: The tragedy on the Black Sea is overgrown with new versions", "post_content": ""}
{"category": "Sports scandals", "title": "WADA Solution: Forgiveness, ambush, another provocation?", "post_slug": "wada-solution-forgiveness-ambush-another-provocation", "image_src": "/p/21/211/211219/l-211219.jpg?v=1537778623", "image_alt": "WADA Solution: Forgiveness, ambush, another provocation?", "post_content": ""}
{"category": "Sports scandals", "title": "Nurmagomedov vs Macgregor: For whom they were sick in Russia", "post_slug": "nurmagomedov-vs-macgregor-for-whom-they-were-sick-in-russia", "image_src": "/p/21/212/212599/l-212599.jpg?v=1539008261", "image_alt": "Nurmagomedov vs Macgregor: For whom they were sick in Russia", "post_content": ""}
{"category": "Sports scandals", "title": "Sergei Udaltsov: Kokorin and Mamaev waiting for the \"right\" camera", "post_slug": "sergei-udaltsov-kokorin-and-mamaev-waiting-for-the-right-camera", "image_src": "/p/21/212/212957/l-212957.jpg?v=1539350720", "image_alt": "Sergei Udaltsov: Kokorin and Mamaev waiting for the \"right\" camera", "post_content": ""}
{"category": "Russian football", "title": "Golden you, youth", "post_slug": "golden-you-youth", "image_src": "/p/21/213/213159/l-213159.jpg?v=1539593229", "image_alt": "Golden you, youth", "post_content": ""}
{"category": "Terrorism", "title": "So he is a Cuban, this Cesar", "post_slug": "so-he-is-a-cuban-this-cesar", "image_src": "/p/21/214/214503/l-214503.jpg?v=1540792068", "image_alt": "So he is a Cuban, this Cesar", "post_content": ""}
{"category": "China today", "title": "What would China do with Ukraine in place of Russia", "post_slug": "what-would-china-do-with-ukraine-in-place-of-russia", "image_src": "/p/21/216/216671/l-216671.jpg?v=1542795637", "image_alt": "What would China do with Ukraine in place of Russia", "post_content": ""}
{"category": "Euromaidan", "title": "Paris in black smoke", "post_slug": "paris-in-black-smoke", "image_src": "/p/21/217/217913/l-217913.jpg?v=1544020734", "image_alt": "Paris in black smoke", "post_content": ""}
{"category": "European Union and Eurozone", "title": "France reared", "post_slug": "france-reared", "image_src": "/p/21/218/218463/l-218463.jpg?v=1544257070", "image_alt": "France reared", "post_content": ""}
{"category": "China today", "title": "When the Kremlin declares the fight against poverty, the oligarchs become richer", "post_slug": "when-the-kremlin-declares-the-fight-against-poverty-the-oligarchs-become-richer", "image_src": "/p/22/225/225307/l-225307.jpg?v=1550753455", "image_alt": "When the Kremlin declares the fight against poverty, the oligarchs become richer", "post_content": ""}
{"category": "Crime", "title": "Rosgvardiya on guard: \"Crimea\" was stolen, on the queue - \"Kuril Islands\"", "post_slug": "rosgvardiya-on-guard-crimea-was-stolen-on-the-queue-kuril-islands", "image_src": "/p/22/223/223005/l-223005.jpg?v=1548749914", "image_alt": "Rosgvardiya on guard: \"Crimea\" was stolen, on the queue - \"Kuril Islands\"", "post_content": ""}
{"category": "Fighting corruption", "title": "The gas kings case: Miller was suspected of the \"protection\" of the Arashukov clan", "post_slug": "the-gas-kings-case-miller-was-suspected-of-the-protection-of-the-arashukov-clan", "image_src": "/p/22/223/223472/l-223472.jpg?v=1549038392", "image_alt": "The gas kings case: Miller was suspected of the \"protection\" of the Arashukov clan", "post_content": ""}
{"category": "Stars and celebrities", "title": "How Igor Talkov wanted to kill again", "post_slug": "how-igor-talkov-wanted-to-kill-again", "image_src": "/p/21/216/216278/l-216278.jpg?v=1542438701", "image_alt": "How Igor Talkov wanted to kill again", "post_content": ""}
{"category": "Sports scandals", "title": "What Russian football, such and Kokorin with Mamaev", "post_slug": "what-russian-football-such-and-kokorin-with-mamaev", "image_src": "/p/21/216/216349/l-216349.jpg?v=1542524843", "image_alt": "What Russian football, such and Kokorin with Mamaev", "post_content": ""}
{"category": "Sports scandals", "title": "Akinfeev, Dziuba, Ovechkina Americans can plant for five years", "post_slug": "akinfeev-dziuba-ovechkina-americans-can-plant-for-five-years", "image_src": "/p/22/220/220461/l-220461.jpg?v=1545982497", "image_alt": "Akinfeev, Dziuba, Ovechkina Americans can plant for five years", "post_content": ""}
{"category": "Russian football", "title": "Beskov and Chislenko: What cat ran between them", "post_slug": "beskov-and-chislenko-what-cat-ran-between-them", "image_src": "/p/22/220/220949/l-220949.jpg?v=1546585497", "image_alt": "Beskov and Chislenko: What cat ran between them", "post_content": ""}
{"category": "Sports scandals", "title": "The fate of RUSADA in the hands of WADA: Will they pardon or pardon?", "post_slug": "the-fate-of-rusada-in-the-hands-of-wada-will-they-pardon-or-pardon", "image_src": "/p/22/221/221256/l-221256.jpg?v=1547101146", "image_alt": "The fate of RUSADA in the hands of WADA: Will they pardon or pardon?", "post_content": ""}
{"category": "Science and technology", "title": "What kind of business should Ilona Mask have to give her", "post_slug": "what-kind-of-business-should-ilona-mask-have-to-give-her", "image_src": "/p/21/218/218486/l-218486.jpg?v=1544518521", "image_alt": "What kind of business should Ilona Mask have to give her", "post_content": ""}
{"category": "China today", "title": "China, unlike the Ministry of Foreign Affairs of the Russian Federation, does not humiliate itself before the United States, protecting its", "post_slug": "china-unlike-the-ministry-of-foreign-affairs-of-the-russian-federation-does-not-humiliate-itself-before-the-united-states-protecting-its", "image_src": "/p/21/218/218853/l-218853.jpg?v=1544701518", "image_alt": "China, unlike the Ministry of Foreign Affairs of the Russian Federation, does not humiliate itself before the United States, protecting its", "post_content": ""}
{"category": "The obvious is incredible", "title": "Military robots shot 29 Japanese scientists", "post_slug": "military-robots-shot-29-japanese-scientists", "image_src": "/p/22/220/220345/l-220345.jpg?v=1545860473", "image_alt": "Military robots shot 29 Japanese scientists", "post_content": ""}
{"category": "Emergencies", "title": "Knew and lied: The death of the group Dyatlova - rough reenactment", "post_slug": "knew-and-lied-the-death-of-the-group-dyatlova-rough-reenactment", "image_src": "/p/22/223/223737/l-223737.jpg?v=1549878352", "image_alt": "Knew and lied: The death of the group Dyatlova - rough reenactment", "post_content": ""}
{"category": "Migrants and migration", "title": "I told the migrant thanks for having only raped and not killed", "post_slug": "i-told-the-migrant-thanks-for-having-only-raped-and-not-killed", "image_src": "/p/22/223/223935/l-223935.jpg?v=1549571059", "image_alt": "I told the migrant thanks for having only raped and not killed", "post_content": ""}
{"category": "Emergencies", "title": "Petersburg, it's time to prepare for evacuation: the authorities are not able to fight the snow", "post_slug": "petersburg-it-s-time-to-prepare-for-evacuation-the-authorities-are-not-able-to-fight-the-snow", "image_src": "/p/22/224/224144/l-224144.jpg?v=1549740173", "image_alt": "Petersburg, it's time to prepare for evacuation: the authorities are not able to fight the snow", "post_content": ""}
{"category": "Emergencies", "title": "The mystery of the death of the group Dyatlov: There is one plausible version", "post_slug": "the-mystery-of-the-death-of-the-group-dyatlov-there-is-one-plausible-version", "image_src": "/p/22/224/224460/l-224460.jpg?v=1550135378", "image_alt": "The mystery of the death of the group Dyatlov: There is one plausible version", "post_content": ""}
{"category": "Migrants and migration", "title": "In the US, it is not considered a crime to rape migrant children", "post_slug": "in-the-us-it-is-not-considered-a-crime-to-rape-migrant-children", "image_src": "/p/22/226/226152/l-226152.jpg?v=1551435768", "image_alt": "In the US, it is not considered a crime to rape migrant children", "post_content": ""}
{"category": "Cinema and theater", "title": "Cinema, which they talk about middle-aged men", "post_slug": "cinema-which-they-talk-about-middle-aged-men", "image_src": "/p/22/225/225009/l-225009.jpg?v=1550477370", "image_alt": "Cinema, which they talk about middle-aged men", "post_content": ""}
{"category": "Music", "title": "Makarevich was surrounded by idiots", "post_slug": "makarevich-was-surrounded-by-idiots", "image_src": "/p/22/225/225267/l-225267.jpg?v=1550678906", "image_alt": "Makarevich was surrounded by idiots", "post_content": ""}
{"category": "News of show business", "title": "How Milonov PR is promoted on millions and Shnurov", "post_slug": "how-milonov-pr-is-promoted-on-millions-and-shnurov", "image_src": "/p/22/225/225965/l-225965.jpg?v=1551318316", "image_alt": "How Milonov PR is promoted on millions and Shnurov", "post_content": ""}
{"category": "The crisis in Ukraine", "title": "Democracy on the hook", "post_slug": "democracy-on-the-hook", "image_src": "/p/22/225/225871/l-225871.jpg?v=1551198959", "image_alt": "Democracy on the hook", "post_content": ""}
{"category": "Science and technology", "title": "Great scholar and honest man", "post_slug": "great-scholar-and-honest-man", "image_src": "/p/22/226/226267/l-226267.jpg?v=1551527498", "image_alt": "Great scholar and honest man", "post_content": ""}
{"category": "Literature", "title": "As a journalist to survive the war", "post_slug": "as-a-journalist-to-survive-the-war", "image_src": "/p/22/226/226265/l-226265.jpg?v=1551536154", "image_alt": "As a journalist to survive the war", "post_content": ""}
{"category": "World Championship 2018", "title": "World capital of sports: Russia puts on Sochi purchase", "post_slug": "world-capital-of-sports-russia-puts-on-sochi-purchase", "image_src": "/p/20/203/203386/l-203386.jpg?v=1529774236", "image_alt": "World capital of sports: Russia puts on Sochi purchase", "post_content": ""}
{"category": "World Championship 2018", "title": "Peter, who is always with you", "post_slug": "peter-who-is-always-with-you", "image_src": "/p/20/204/204099/l-204099.jpg?v=1531943090", "image_alt": "Peter, who is always with you", "post_content": ""}
{"category": "China today", "title": "Tibet: The subtleties of tourism on the \"Roof of the World\"", "post_slug": "tibet-the-subtleties-of-tourism-on-the-roof-of-the-world", "image_src": "/p/20/204/204200/l-204200.jpg?v=1530785230", "image_alt": "Tibet: The subtleties of tourism on the \"Roof of the World\"", "post_content": ""}
{"category": "Post-soviet space", "title": "Rest in Lithuania: 5 euros per day with a toilet in the yard", "post_slug": "rest-in-lithuania-5-euros-per-day-with-a-toilet-in-the-yard", "image_src": "/p/20/204/204601/l-204601.jpg?v=1530858214", "image_alt": "Rest in Lithuania: 5 euros per day with a toilet in the yard", "post_content": ""}
{"category": "China today", "title": "Magic Hangzhou: City for Life", "post_slug": "magic-hangzhou-city-for-life", "image_src": "/p/21/211/211823/l-211823.jpg?v=1538391395", "image_alt": "Magic Hangzhou: City for Life", "post_content": ""}
{"category": "Tourism", "title": "St. Petersburg: Who lights the torch over the city", "post_slug": "st-petersburg-who-lights-the-torch-over-the-city", "image_src": "/p/22/222/222221/l-222221.jpg?v=1547992351", "image_alt": "St. Petersburg: Who lights the torch over the city", "post_content": ""}
{"category": "Tourism", "title": "Who protects in Petersburg from a knife and a fool?", "post_slug": "who-protects-in-petersburg-from-a-knife-and-a-fool", "image_src": "/p/22/223/223534/l-223534.jpg?v=1549109741", "image_alt": "Who protects in Petersburg from a knife and a fool?", "post_content": ""}
{"category": "Tourism", "title": "Top 7: Where to go in Kostroma", "post_slug": "top-7-where-to-go-in-kostroma", "image_src": "/p/22/226/226170/l-226170.jpg?v=1551653507", "image_alt": "Top 7: Where to go in Kostroma", "post_content": ""}
{"category": "Accidents", "title": "The explosion on the submarine B-37: Tragedy without guilty", "post_slug": "the-explosion-on-the-submarine-b-37-tragedy-without-guilty", "image_src": "/p/22/222/222504/l-222504.jpg?v=1548251252", "image_alt": "The explosion on the submarine B-37: Tragedy without guilty", "post_content": ""}
{"category": "Crime", "title": "36 guards a day - such losses MUR never knew", "post_slug": "36-guards-a-day-such-losses-mur-never-knew", "image_src": "/p/22/222/222865/l-222865.jpg?v=1548577973", "image_alt": "36 guards a day - such losses MUR never knew", "post_content": ""}
{"category": "Day in history", "title": "Stalin's gift: It was time, and prices were falling", "post_slug": "stalin-s-gift-it-was-time-and-prices-were-falling", "image_src": "/p/22/224/224292/l-224292.jpg?v=1550387053", "image_alt": "Stalin's gift: It was time, and prices were falling", "post_content": ""}
{"category": "Music", "title": "The Prodigy singer Keith Flint found dead", "post_slug": "the-prodigy-singer-keith-flint-found-dead", "image_src": "/p/22/226/226420/l-226420.jpg?v=1551709200", "image_alt": "The Prodigy singer Keith Flint found dead", "post_content": ""}
{"category": "Elections in Ukraine", "title": "Rating of candidates: Zelensky wins and Poroshenko and Tymoshenko in the 2nd round", "post_slug": "rating-of-candidates-zelensky-wins-and-poroshenko-and-tymoshenko-in-the-2nd-round", "image_src": "/p/22/226/226424/l-226424.jpg?v=1551709581", "image_alt": "Rating of candidates: Zelensky wins and Poroshenko and Tymoshenko in the 2nd round", "post_content": ""}
{"category": "Regions", "title": "On the highway \"Chita-Khabarovsk\" motorists broke the video recording camera", "post_slug": "on-the-highway-chita-khabarovsk-motorists-broke-the-video-recording-camera", "image_src": "http://publicdomainpictures.net/pictures/110000/velka/empty-road-in-american-west.jpg", "image_alt": "On the highway \"Chita-Khabarovsk\" motorists broke the video recording camera", "post_content": ""}
{"category": "The crisis in Ukraine", "title": "Political analyst believes that Poroshenko will have to live with the reputation of an alcoholic", "post_slug": "political-analyst-believes-that-poroshenko-will-have-to-live-with-the-reputation-of-an-alcoholic", "image_src": "", "image_alt": "Political analyst believes that Poroshenko will have to live with the reputation of an alcoholic", "post_content": ""}
{"category": "Football transfers", "title": "Defender of \"Spartacus\" can go to the \"Locomotive\"", "post_slug": "defender-of-spartacus-can-go-to-the-locomotive", "image_src": "", "image_alt": "Defender of \"Spartacus\" can go to the \"Locomotive\"", "post_content": ""}
{"category": "Holidays and important dates", "title": "The chef voiced the recipe for the most delicious pancakes", "post_slug": "the-chef-voiced-the-recipe-for-the-most-delicious-pancakes", "image_src": "http://truthvoice.com/wp-content/uploads/2015/04/images.duckduckgo.com_.jpg", "image_alt": "The chef voiced the recipe for the most delicious pancakes", "post_content": ""}
{"category": "Ecology", "title": "Stylist Sergey Zverev held a single picket on Red Square", "post_slug": "stylist-sergey-zverev-held-a-single-picket-on-red-square", "image_src": "", "image_alt": "Stylist Sergey Zverev held a single picket on Red Square", "post_content": ""}
{"category": "International position", "title": "Battle of Kashmir: Russia won", "post_slug": "battle-of-kashmir-russia-won", "image_src": "/p/22/226/226325/l-226325.jpg?v=1551675019", "image_alt": "Battle of Kashmir: Russia won", "post_content": ""}
{"category": "Weather forecast", "title": "Weather anomalies-2019: And who said that spring comes in March", "post_slug": "weather-anomalies-2019-and-who-said-that-spring-comes-in-march", "image_src": "/p/22/226/226390/l-226390.jpg?v=1551694248", "image_alt": "Weather anomalies-2019: And who said that spring comes in March", "post_content": ""}
{"category": "City Property", "title": "New apartments will no longer sell at a discount.", "post_slug": "new-apartments-will-no-longer-sell-at-a-discount", "image_src": "/p/22/226/226064/l-226064.jpg?v=1551382892", "image_alt": "New apartments will no longer sell at a discount.", "post_content": ""}
{"category": "Evolution of cars", "title": "10 most reliable engines of our time", "post_slug": "10-most-reliable-engines-of-our-time", "image_src": "/p/22/226/226093/l-226093.jpg?v=1551416123", "image_alt": "10 most reliable engines of our time", "post_content": ""}
{"category": "News of show business", "title": "\"Stop beating him!\" This is the French ambassador! \u201d", "post_slug": "stop-beating-him-this-is-the-french-ambassador", "image_src": "/p/22/226/226154/l-226154.jpg?v=1551435775", "image_alt": "\"Stop beating him!\" This is the French ambassador! \u201d", "post_content": ""}
{"category": "Law and Justice", "title": "The casemates of Taganka: Living corpses, songs, dances and \u201cnights full of fire\u201d", "post_slug": "the-casemates-of-taganka-living-corpses-songs-dances-and-nights-full-of-fire", "image_src": "/p/22/224/224934/l-224934.jpg?v=1551552265", "image_alt": "The casemates of Taganka: Living corpses, songs, dances and \u201cnights full of fire\u201d", "post_content": ""}
{"category": "Post-soviet space", "title": "Taxi driver angered folk artist incompetent language", "post_slug": "taxi-driver-angered-folk-artist-incompetent-language", "image_src": "/p/22/226/226315/l-226315.jpg?v=1551616374", "image_alt": "Taxi driver angered folk artist incompetent language", "post_content": ""}
{"category": "Russian Crimea", "title": "Paradoxes of Crimea: With a Bandera in the Heart and \u201cSchmeisser\u201d in the Hut", "post_slug": "paradoxes-of-crimea-with-a-bandera-in-the-heart-and-schmeisser-in-the-hut", "image_src": "/p/22/226/226312/l-226312.jpg?v=1551666562", "image_alt": "Paradoxes of Crimea: With a Bandera in the Heart and \u201cSchmeisser\u201d in the Hut", "post_content": ""}
{"category": "Oil and gas", "title": "A View from Germany: The number of supporters of Nord Stream -2 has decreased dramatically", "post_slug": "a-view-from-germany-the-number-of-supporters-of-nord-stream-2-has-decreased-dramatically", "image_src": "/p/22/226/226259/l-226259.jpg?v=1551553154", "image_alt": "A View from Germany: The number of supporters of Nord Stream -2 has decreased dramatically", "post_content": ""}
{"category": "The crisis in Ukraine", "title": "\"Bermuda Triangle\": In Kiev, a new provocation plan appeared in the Black Sea", "post_slug": "bermuda-triangle-in-kiev-a-new-provocation-plan-appeared-in-the-black-sea", "image_src": "/p/22/226/226275/l-226275.jpg?v=1551616146", "image_alt": "\"Bermuda Triangle\": In Kiev, a new provocation plan appeared in the Black Sea", "post_content": ""}
{"category": "Travels", "title": "For sausage to Finland: Features of grocery tourism in Russia and Suomi", "post_slug": "for-sausage-to-finland-features-of-grocery-tourism-in-russia-and-suomi", "image_src": "/p/22/226/226243/l-226243.jpg?v=1551596974", "image_alt": "For sausage to Finland: Features of grocery tourism in Russia and Suomi", "post_content": ""}
