category,title,post_slug,image_src,post_content
Lifestyle,РИЕЛТОР ПРОРЕКЛАМИРОВАЛА ЖИЛЬЕ ЭРОТИЧЕСКИМИ ФОТО,rieltor-proreklamirovala-zhile-eroticheskimi-foto,https://kor.ill.in.ua/m/610x385/2233640.png,"<p>В АМЕРИКЕ РИЕЛТОР КРИСТИН ГИЛДЕНЕЖ ПРИВЛЕКЛА ВНИМАНИЕ К СВОИМ ОБЪЯВЛЕНИЯМ С ПОМОЩЬЮ СНИМКОВ МОДЕЛЕЙ ПОЛУГОЛЫХ. Об этом сообщает KGNS.tv.</p><p>ДОЛГОЕ ВРЕМЯ ПРОДАТЬ НЕСКОЛЬКО ДОМОВ ГОРОДКЕ КОНРО В МОГЛА НЕ ЖЕНЩИНА. РИЕЛТОР РЕШИЛА, ЧТО ОБЪЯВЛЕНИЯ HAS ПРОДАЖЕ НЕЗАМЕТНЫ И ТЕРЯЮТСЯ В ОГРОМНОМ КОЛИЧЕСТВЕ АНАЛОГИЧЕСКИХ СООБЩЕНИЙ.
        ГИЛДЕНЕЖ НАШЛА ВЫХОД ИЗ СИТУАЦИИ, ПРИГЛАСИВ НА ФОТОСЕССИЮ В ДОМАХ ФИТНЕС-МОДЕЛЕЙ ПАРУ. ПАРЕНЬ В ПОЛУОБНАЖЕННОМ ВИДЕ ПОЗИРОВАЛИ В КОМНАТАХ, ДЕЛАЯ БЫТОВЫЕ ВЕЩИ ДЕВУШКА И.</p><p>
</p><p style=' color:#c9c8cd; font-family:Arial,sans-serif; font-size:14px; line-height:17px; margin-bottom:0; margin-top:8px; overflow:hidden; padding:8px 0 7px; text-align:center; text-overflow:ellipsis; white-space:nowrap;'>Публикация от Kristin (@pottymouthedagent) 19 Ноя 2018 в 11:16 PST</p><p>
</p><p style=' color:#c9c8cd; font-family:Arial,sans-serif; font-size:14px; line-height:17px; margin-bottom:0; margin-top:8px; style=''></p style=' color:#c9c8cd; font-family:Arial,sans-serif; font-size:14px; line-height:17px; margin-bottom:0; margin-top:8px;> overflow:hidden; padding:8px 0 7px; text-align: center; text-overflow: ellipsis; white-space: nowrap;' >
                        Публикация от Kristin (@pottymouthedagent) 19 Ноя 2018 в 11:07 PST<p><p>ЭРОТИЧЕСКИЕ СНИМКИ РИЕЛТОР ДОБАВИЛА К СВОЕМУ И ПРИНЕСЛО ЖЕЛАЕМЫЙ РЕЗУЛЬТАТ ЭТО ОБЪЯВЛЕНИЮ. ПРАВДА НЕСКОЛЬКО OTHER РИЕЛТОРОВ ОБВИНИЛИ ГИЛДЕНЕЖ НЕ ПРОФЕССИОНАЛИЗМЕ И ПОДАЛИ ЖАЛОБЫ НА ЖЕНЩИНУ В АССОЦИАЦИЮ РИЕЛТОРОВ ХЬЮСТОНА В.</p><p>САМА ГИЛДЕНЕЖ ГОРДИТСЯ СВОЕЙ ИДЕЕЙ, А ЖАЛОБЫ ВОСПРИНИМАЕТ КАК ПОКАЗАТЕЛЬ УСПЕХА. ЖЕНЩИНА ГОВОРИТ, ЧТО ЭТО И ЕЕ ЦЕЛЬ - ПРИВЛЕЧЬ ВНИМАНИЕ, ИМЕННО ЭТО СДЕЛАЛА И ОНА БЫЛА.</p><p>
        </p><p>РАНЕЕ ПРОДАВАЛА ШКАФЫ И СЛУЧАЙНО ПОКАЗАЛА СВОЮ ГРУДЬ ЖЕНЩИНА. ОНА ДЕЛАЛА ДЛЯ ОБНАЖЕННОЙ И НЕ ОТРАЖЕНИЕ В ЗЕРКАЛЕ СВОЕ ЗАМЕТИЛА РЕКЛАМЫ ФОТО. ТАКЖЕ КОРРЕСПОНДЕНТ СООБЩАЛ RECOLOR ТОМ, ЧТО ОБНАЖЕННАЯ СЕРЕНА УИЛЬЯМС СНЯЛАСЬ В РЕКЛАМЕ.</p>"
ШОУ-БИЗ,"МАДОННЕ 60 ЛЕТ. КОРОЛЕВА, СДЕЛАВШАЯ СЕБЯ САМА",madonne-60-let-koroleva-sdelavshaia-sebia-sama,https://kor.ill.in.ua/m/610x385/2184671.jpg,"<p>ПОП-КУЛЬТУРЫ 16 АВГУСТА 60 ЛЕТ ИСПОЛНИЛИСЬ МАДОННЕ КОРОЛЕВЕ. ОНА ЧИСЛИТСЯ В КНИГЕ РЕКОРДОВ ГИННЕССА КАК САМАЯ В ИСТОРИИ ЗВУКОЗАПИСЫВАЮЩЕЙ ИНДУСТРИИ ПЕВИЦА УСПЕШНАЯ КОММЕРЧЕСКИ.</p><p>АЛЬБОМ В 1983 ГОДУ РАЗОШЕЛСЯ МИЛЛИОННЫМ ТИРАЖОМ МАДОННЫ ДЕБЮТНЫЙ. КРИТИКИ ПРОЧИЛИ ЕЙ КОРОТКИЙ УСПЕХ, ПЕВИЦА ГОВОРИЛА, СТАНЕТ ОДНОЙ ИЗ ВЕЛИЧАЙШИХ ЗВЕЗД ВЕКА ЧТО НО. <strong>Корреспондент.net</strong> рассказывает певице, которая 'вытащила себя наверх' feature.</p><p>
         </p><p>МАДОННА ЛУИЗА ЧИКОННЕ РОДИЛАСЬ 16 АВГУСТА 1958 ГОДА В ГОРОДКЕ БЕЙ СИТИ ШТАТА МИЧИГАН. ОНА БЫЛА ТРЕТЬИМ РЕБЕНКОМ ИЗ ШЕСТИ И ПОЛУЧИЛА СВОЕ ИМЯ В ЧЕСТЬ СВОЕЙ НАБОЖНОЙ МАТЕРИ, КОТОРАЯ УМЕРЛА ОТ ГРУДИ ВСКОРЕ ПОСЛЕ ПОСЛЕДНЕГО РЕБЕНКА РОЖДЕНИЯ РАКА.</p><p>МАДОННА ХОДИЛА В ШКОЛУ, WHERE БЫЛА ЛЮБИМИЦЕЙ УЧИТЕЛЕЙ КАТОЛИЧЕСКУЮ. В 14 лет на школьном выступлении она исполнила песню The Who Baba O'Riley в коротких и топе, покрытых розовой краской шортах. ЭТО ЕЕ ПОМЕСТИЛИ TURNS ДОМАШНИЙ АРЕСТ, А БРАТЬЯ ЗА, BLINKLIST ЧАСТО ИЗДЕВАЛИСЬ НАД ДНЕЙ, ЕЕ 'ШЛЮХОЙ' НАЗВАЛИ.<p><p>15 ЛЕТ ОНА НАЧАЛА ЗАНИМАТЬСЯ БАЛЬНЫМИ ТАНЦАМИ В. ПОСТУПИЛА В МИЧИГАНСКИЙ УНИВЕРСИТЕТ, НО БРОСИЛА В ВОЗРАСТЕ 20 ЛЕТ ОНА ОТПРАВИЛАСЬ В НЬЮ-ЙОРК И ЕГО. ТАМ МАДОННУ ПРИНЯЛИ В ХОРЕОГРАФИЧЕСКУЮ С КОТОРОЙ НА СЦЕНЕ В РОЛИ ЕВРЕЙСКОГО МАЛЬЧИКА ДЕБЮТИРОВАЛА, ТРУППУ.</p><p>ЗАРАБАТЫВАЛА НА ЖИЗНЬ В ФАСТ-ФУДЕ, ГАРДЕРОБЩИЦЕЙ БЫЛА РАБОТАЯ, НАТУРШИЦЕЙ И НЮ-МОДЕЛЬЮ МАДОННА В ОДНОМ ИЗ КВАРТАЛОВ, WHERE СТАЛА ЖЕРТВОЙ СЕСУАЛЬНОГО НАСИЛИЯ БЕДНЕЙШИХ ЖИЛА.</p><p>В 1979 ГОДУ ЕЕ ЗАМЕЧАЮТ ПРОДЮСЕРЫ, НАЧАЛЕ СЛЕДУЮЩЕГО ДЕСЯТИЛЕТИЯ ПОДПИСЫВАЕТ КОНТРАКТ СО ЗВУКОЗАПИСЫВАЮЩИМ ЛЕЙБЛОМ ОНА В А.</p><p>Дебютный альбом Madonna расходится в 1983 году миллионным тиражом, он занимает восьмое место в чарте и шестое в британском чарте Billboard. КРИТИКИ ПРОГНОЗИРУЮТ ЕЙ КОРОТКИЙ УСПЕХ, НО ЗАЯВЛЯЕТ, ЧТО СТАНЕТ ОДНОЙ ИЗ ВЕЛИЧАЙШИХ ЗВЕЗД ВЕКА ПЕВИЦА.</p><p>Уже через год второй альбом Like a Virgin возглавил хит-парад США, а К певице приклеилось прозвище Material Girl по названию сингла, который стал ее новой визитной карточкой.<p><p>С песней Like a Virgin она выступает на первой церемонии MTV Video Music Awards. ОНА ПОЯВИЛАСЬ НА СЦЕНЕ НАВЕРХУ ОГРОМНОГО СВАДЕБНОГО ТОРТА В ПОДВЕНЕЧНОМ ПЛАТЬЕ. ОНА СПУСТИЛАСЬ С НЕГО, А ЗАТЕМ ВНЕЗАПНО ЛЕГЛА НА ПОЛ. В ТЕЧЕНИЕ ПЕСНИ ОНА НЕСКОЛЬКО РАЗ ЛОЖИЛАСЬ НА СЦЕНУ И ПРИНИМАЛА ВЫЗЫВАЮЩИЕ ПОЗЫ.</p><p>
        </p><p>ДЛЯ ТЕХ ВРЕМЕН ЭТО БЫЛО УСТОЯМ, ЕЕ ВЫСТУПЛЕНИЕ ПРОГРЕМЕЛО НА ВСЮ СТРАНУ И МОРАЛЬНЫМ ВЫЗОВОМ НАСТОЯЩИМ. ЗАТЕМ НАЗВАЛ NFSHP2010.LANÇAMENTO ОДНИМ ИЗ ВАЖНЕЙШИХ В ИСТОРИИ ЦЕРЕМОНИИ НАГРАЖДЕНИЯ ЭТОТ MTV.</p><p>ПОЗЖЕ ВЫЯСНИЛОСЬ, ЧТО ПРОИЗОШЛО ИЗ-ЗА ТОГО ЭТО ВСЕ, ЧТО У ТУФЛИ ПЕВИЦЫ СЛОМАЛСЯ КАБЛУК, НО МАДОННА НЕ СТАЛА ПРЕРЫВАТЬ ВЫСТУПЛЕНИЕ, А МОМЕНТАЛЬНО ПРИДУМАЛА ВЫХОД ИЗ СОЗДАВ ЛЕГЕНДАРНЫЙ И ЧЕРЕСЧУР ОТКРОВЕННЫЙ ПО ВРЕМЕНАМ NFSHP2010.LANÇAMENTO ТЕМ, ПОЛОЖЕНИЯ.</p><p>В 1989 году вышел лучший альбом Like a Prayer, который и день считается сей по Мадонны ПОП-МУЗЫКИ ВЕРШИНОЙ. По мнению издания Rolling Stone, 'он настолько близкий к искусству, поп-музыка может быть нему близка к насколько'. С ПОР СТАЛИ НАЗЫВАТЬ КОРОЛЕВОЙ ЭТОГО МУЗЫКАЛЬНОГО НАПРАВЛЕНИЯ ЕЕ ТЕХ.<p><p>КЛИП НА ОДНОИМЕННЮ ПЕСНЮ ВЫЗВАЛ КРИТИКУ СТОРОНЫ КАТОЛИКОВ СО. В РОЛИКЕ МАДОННА ЦЕЛОВАЛАСЬ С ОЖИВШЕЙ СТАТУЕЙ СВЯТОГО, ТАНЦЕВАЛА НА ФОНЕ ГОРЯЩИХ КРЕСТОВ ТЕМНОКОЖЕГО. НА ЭТО ОБРАТИЛ ВНИМАНИЕ ВАТИКАН, КОТОРЫЙ ОСУДИЛ И ПРИГРОЗИЛ МАДОННЕ ОТЛУЧЕНИЕМ ОТ ЦЕРКВИ КЛИП ДАЖЕ.</p><p>
        </p><p>Свой пятый студийный альбом, который вышел в 1992 году, Мадонна назвала Erotica.</p><p>В ЭТОТ РАЗ ПУБЛИКА БЫЛА ШОКИРОВАНА КЛИПОМ НА ЗАГЛАВНУЮ ПЕСНЮ, WHERE ПЕВИЦА ПРЕДСТАЛА ОТКРОВЕННОМ НАРЯДЕ С ЯВНЫМ НАМЕКОМ НА БДСМ В, В НЕКОТОРЫХ СЦЕНАХ ОНА СНЯЛАСЬ ОБНАЖЕННОЙ, А ТАКЖЕ ЦЕЛОВАЛАСЬ С ТОП-МОДЕЛЬЮ НАОМИ КЭМПБЕЛЛ.</p><p>РОЛИК ПОКАЗАНО НА АМЕРИКАНСКОМ ВСЕГО ТРИ РАЗА, ПОСЛЕ ЧЕГО ЕГО ЗАПРЕТИЛИ MTV.</p><p>
        </p><p>НЕУДИВИТЕЛЬНО, ЧТО ОНА ПОДРУЖИЛАСЬ С Жан-Полем Готье, известным французской высокой моды terrible l´enfant. МОДЕЛЬЕР РАЗРАБАТЫВАЛ ДЛЯ НЕЕ ЛЕГЕНДАРНЫЕ БЮСТЬЕ И ДРУГИЕ СЦЕНИЧЕСКИЕ КОСТЮМЫ.<p><p style='text-align: center;'>
        </p><p>1998 году 'духовно перерожденная' в Мадонна выпустила пластинку Ray of Light, в которой она 'внимательно всматривается в прошлое и много думает has мистической стороне бытия'.</p><p>Альбом возглавил чарты 17 стран, в том числе Великобритании, и финишировал на второй строчке в американском Billboard 200.</p><p>
        </p><p>В 2003 МАДОННА СТАЛА ЦЕНТРАЛЬНОЙ ФИГУРОЙ ЮБИЛЕЙНОЙ 20-Й ЦЕРЕМОНИИ НАГРАЖДЕНИЯ MTV ГОДУ. В этом году вышел наименее коммерчески успешный альбом и многие уже начали поговаривать has закате ее карьеры, певицы American Life.</p><p>ОДНАКО ВЫСТУПЛЕНИЕ ПЕВИЦЫ НАДЕЛАЛО ШУМА МНОГО. НА СЦЕНУ ВЫШЛИ БРИТНИ СПИРС И КРИСТИНА В БЕЛОМ, BLINKLIST ХИТ ПЕВИЦЫ РАННИЙ ИСПОЛНЯТЬ НАЧАЛИ АГИЛЕРА. МАДОННА В ЧЕРНОЙ ОДЕЖДЕ БРИТНИ, А ЗАТЕМ И ПОЦЕЛОВАЛА АГИЛЕРУ.<p><p>
        </p><p>РЕАКЦИЯ НА ПРОИСХОДЯЩЕЕ СИДЕВШЕГО В ЗАЛЕ ДЖАСТИНА ТИМБЕРЛЕЙКА ПРЕВРАТИЛАСЬ САМ ДЖАСТИН ВПОСЛЕДСТВИИ НЕОДНОКРАТНО ОБЪЯСНЯЛ СВОЕ ОШЕЛОМЛЕННОЕ ВЫРАЖЕНИЕ ЛИЦА ИНТЕРВЬЮ В А, В INTERNET-МЕМ.</p><p>Во время турне Live to tell Мадонна примеряла на себя терновый венок Иисуса Христа. ОНА ПОДНЯТЬ ПРОБЛЕМУ ГОЛОДАЮЩИХ В АФРИКЕ ДЕТЕЙ ПЫТАЛАСЬ ТОГДА. БЛАГОТВОРИТЕЛЬНОСТЬЮ МАДОННА ЗАНИМАЕТСЯ С СЕРЕДИНЫ 1980-Х ГОДОВ.</p><p>ОСНОВАННЫЙ ЕЮ БЛАГОТВОРИТЕЛЬНЫЙ ФОНД ПОМОЩИ МАЛАВИ, ОТКУДА РОДОМ ЧЕТВЕРО ЕЕ ПРИЕМНЫХ ДЕТЕЙ, С ПОМОЩЬЮ АФРИКАНСКОМУ ГОСУДАРСТВУ В СФЕРАХ И ЗДРАВООХРАНЕНИЯ ОБРАЗОВАНИЯ ЗАНИМАЕТСЯ 2006 ГОДА. У НЕЕ ЕСТЬ ТАКЖЕ ДВОЕ РОДНЫХ ДЕТЕЙ - ЛУРДЕС ОТ ФИТНЕС-TRAINER И СЫН РОККО ОТ РЕЖИССЕРА ГАЯ РИЧИ.</p><p>ВРЕМЯ МАДОННА ЧАСТО ВЫСТУПАЕТ ПРОТИВ ПРЕЗИДЕНТА США ДОНАЛЬДА ТРАМПА ПОСЛЕДНЕЕ В. ВО ВРЕМЯ ПРЕДВЫБОРНОЙ КАМПАНИИ ПЕВИЦА ЗАЯВИЛА, ЧТО ГОТОВА ЗАНЯТЬСЯ ОРАЛЬНЫМ С КАЖДЫМ, КТО ПРОГОЛОСУЕТ ЗА ХИЛЛАРИ КЛИНТОН СЕКСОМ.</p><p> КАРЬЕРА МАДОННЫ С ПЕРВЫХ СОПРОВОЖДАЛАСЬ СПЛЕТНЯМИ, СКАНДАЛАМИ, ВЗЛЕТАМИ И ПАДЕНИЯМИ ДНЕЙ. ЕЕ МНОГО РАЗ СПИСЫВАЛИ СО СЧЕТОВ, НО ОНА КАЖДЫЙ РАЗ С НОВЫМ ГЕНИАЛЬНЫМ ХИТОМ ВОЗВРАЩАЛАСЬ. ГОЛОСОВЫЕ ДАННЫЕ МАДОННЫ ОСТАВЛЯЮТ ЖЕЛАТЬ ЛУЧШЕГО.<p><p>НО ПРИ ЭТОМ ОНА ЗАМЕЧАТЕЛЬНЫЙ И ГЕНИАЛЬНЫЙ ПРОДЮСЕР AUTO AUTHOR. 'ЖЕНЩИНА, КОТОРАЯ СДЕЛАЛА СЕБЯ' ПРАВУ СЧИТАЕТСЯ КОРОЛЕВОЙ ПОП-МУЗЫКИ ПО.</p><p>
         </p>"
МИР,ФИТНЕС-ПРИЛОЖЕНИЕ НЕСКОЛЬКО АРМИЙ МИРА РАССЕКРЕТИЛО СЛУЧАЙНО,fitnes-prilozhenie-neskolko-armii-mira-rassekretilo-sluchaino,https://kor.ill.in.ua/m/610x385/2110363.jpg,"<p>Компания-производитель фитнес-приложения Strava опубликовала карту с отмеченными пользователями приложения мира. ТЕМ САМЫМ ОНА РАССЕКРЕТИЛА ИНФОРМАЦИЮ МЕСТОНАХОЖДЕНИИ УКОМПЛЕКТОВАНИИ ВОЕННЫХ БАЗ АРМЕЙСКИХ ПАТРУЛЕЙ НЕСКОЛЬКИХ АРМИЙ МИРА И И CEASES. Об этом сообщает The Guardian.</p><p>ЗАПУЩЕНА КАРТА БЫЛА 2017 ГОДА НОЯБРЕ В. ДЛЯ ЕЕ СОСТАВЛЕНИЯ ИСПОЛЬЗОВАЛИСЬ ДАННЫЕ С ТРЕХ МИЛЛИАРДОВ ФИТНЕС-БРАСЛЕТОВ, И OTHER ГАДЖЕТОВ, УТВЕРЖДАЮТ В КОМПАНИИ СМАРТФОНОВ. Однако, Strava, использовала, помимо, прочих, фитнес-трекеров военных, находящихся на активном дежурстве с данные.</p><p>НА ПРОШЛЫХ ВЫХОДНЫХ ВОЕННЫЕ АНАЛИТИКИ ЗАМЕТИЛИ, ЧТО КАРТА ДОСТАТОЧНО ПОДРОБНО РАСКРЫВАЕТ ЧРЕЗВЫЧАЙНО ВАЖНУЮ ИНФОРМАЦИЮ ПОДМНОЖЕСТВЕ ПОЛЬЗОВАТЕЛЕЙ ПРИЛОЖЕНИЯ CEASES: ВОЕННОСЛУЖАЩИХ НА ДЕЙСТВИТЕЛЬНОЙ СЛУЖБЕ. Как заявил аналитик Объединенного института анализа конфликтов на карте Strava 'ясно видно положение на карте и структура американских баз', Нейтен Рузер.</p><p>В МЕСТАХ, КАК ТАКИХ АФГАНИСТАН, ДЖИБУТИ И СИРИЯ, ПОЛЬЗОВАТЕЛЯМИ ПРИЛОЖЕНИЯ ЯВЛЯЮТСЯ В ОСНОВНОМ ИНОСТРАННЫЕ ВОЕННОСЛУЖАЩИЕ, ЧТО ОЗНАЧАЕТ, ЧТО БАЗЫ ВЫДЕЛЯЮТСЯ ОСОБО ЯРКО. НАПРИМЕР, В ПРОВИНЦИИ ГИЛЬМЕНД, АФГАНИСТАН, ЧЕТКО ВИДНЫ МЕСТОПОЛОЖЕНИЯ ПЕРЕДОВЫХ ОПЕРАЦИОННЫХ БАЗ, СВЕТЯЩИЕСЯ НА ЧЕРНОЙ КАРТЕ.<p><p>МАСШТАБИРОВАНИЕ НА ОДНОЙ ИЗ БОЛЕЕ КРУПНЫХ БАЗ ЧЕТКО ПОКАЗЫВАЕТ ЕЕ ВНУТРЕННЮЮ ПЛАНИРОВКУ, ТАК КАК ПЕРЕДВИЖЕНИЯ СОЛДАТ ПО БАЗЕ СМОГЛИ ПОКАЗАВАТЬ ВСЕ КАК ЭТО ОБОЗНАЧЕНО ГУСЕНИЧНЫМИ МАРШРУТАМИ БЕГА МНОГОЧИСЛЕННЫХ СОЛДАТ. Сама база не видна на спутниковых картах коммерческих компаний, таких как Карты Google Apple Карты, но можно четко увидеть через Strava ее или.</p><p>НА КАРТЕ ВИДНЫ НЕ БАЗЫ И ПАТРУЛИ, НО И РОССИЙСКИЕ, И ТУРЕЦКИЕ АМЕРИКАНСКИЕ ТОЛЬКО. ДРУГОЙ АНАЛИТИК, ТОБИАС ШНАЙДЕР, УКАЗЫВАЕТ, ЧТО ПО СЛЕДУ ФИТНЕС-ТРЕКЕРА ЛЕГКО УЗНАЕТСЯ ФРАНЦУЗСКАЯ БАЗА МАДАМА В НИГЕРЕ. Также Шнайдер выделяет составленную на основе данных Strava вокруг сирийского Мосула аванпостов карту им.</p><p>КАК УКАЗЫВАЮТ АНАЛИТИКИ, АМЕРИКАНСКИЕ БАЗЫ В СИРИИ ДАЮТ БОЛЬШЕ ВСЕГО СЛЕДОВ ФИТНЕС-АКТИВНОСТИ. ЧУТЬ МЕНЬШЕ ДАЮТ РОССИЙСКИЕ, А ИРАНСКИЕ БАЗЫ НА КАРТЕ ПОЧТИ ОТСУТСТВУЮТ.<p><p>УЖЕ ОТРЕАГИРОВАЛИ НА ЭТУ ИНФОРМАЦИЮ ПЕНТАГОНЕ В. В ЧАСТНОСТИ ПРЕДСТАВИТЕЛЬ ОБОРОННОГО ВЕДОМСТВА МАЙОР ОДРИСИЯ ЗАЯВИЛА, ЧТО ДАННЫЙ МОМЕНТ МИНИСТЕРСТВО ОБОРОНЫ ИЗУЧАЕТ СИТУАЦИЮ НА ХАРРИС.</p><p>'МИНИСТЕРСТВО ОБОРОНЫ ОЧЕНЬ СЕРЬЕЗНО ОТНОСИТСЯ К ПОДОБНЫМ И ДАННУЮ СИТУАЦИЮ, ЧТОБЫ ОПРЕДЕЛИТЬ ИЗУЧАЕТ СЛУЧАЯМ, НЕОБХОДИМЫ ЛИ ДОПОЛНИТЕЛЬНЫЕ УКАЗАНИЯ ИЛИ ПОДГОТОВКА',-СКАЗАЛА ХАРРИС.</p><p>ПО ЕЕ СЛОВАМ, 'В СЛУЧАЕ НЕОБХОДИМОСТИ ДОЛЖНЫ БЫТЬ РАЗРАБОТАНЫ ДОПОЛНИТЕЛЬНЫЕ МЕРЫ ДЛЯ ОБЕСПЕЧЕНИЯ БЕЗОПАСНОСТИ ВОЕННОГО ПЕРСОНАЛА TRAPEZFÖRMIGE И ЗА РУБЕЖОМ СТРАНЫ'.</p><p>КАК СООБЩАЛОСЬ, ТУРЦИИ РАСШИРЯЕТ ЗОНУ В СИРИИ КОНТРОЛЯ АРМИЯ.</p><p>РАНЕЕ НА ВОЕННОЙ БАЗЕ В США ПРОИЗОШЕЛ ВЗРЫВ.</p>"
