{"category": "In the world", "title": "\"They don't want to meet with you.\" What London is silent about in the Scripals", "post_slug": "they-don-t-want-to-meet-with-you-what-london-is-silent-about-in-the-scripals", "image_src": "https://cdn23.img.ria.ru/images/151583/16/1515831695_148:0:1240:614_600x0_80_0_0_0ec59aca8ea6f69c187e435b45da5ace.jpg", "image_alt": "\"They don't want to meet with you.\" What London is silent about in the Scripals", "post_content": ""}
{"category": "NATO", "title": "German media accused Poland of splitting Europe because of Russia", "post_slug": "german-media-accused-poland-of-splitting-europe-because-of-russia", "image_src": "https://cdn21.img.ria.ru/images/150994/95/1509949581_0:142:3138:1907_600x0_80_0_0_5c2091d09727fd5afe5e666c4fec0a77.jpg", "image_alt": "German media accused Poland of splitting Europe because of Russia", "post_content": ""}
{"category": "Religion and worldview", "title": "Russian Muslims took care of 300 orphans from Syria", "post_slug": "russian-muslims-took-care-of-300-orphans-from-syria", "image_src": "https://cdn23.img.ria.ru/images/154921/11/1549211151_0:0:2730:1536_600x0_80_0_0_4a6a32a40f74ddf38461adebdb0ff138.jpg", "image_alt": "Russian Muslims took care of 300 orphans from Syria", "post_content": ""}
{"category": "Sputnik Radio", "title": "Military Political Scientist: German Defense Minister 'Prying Out' US", "post_slug": "military-political-scientist-german-defense-minister-prying-out-us", "image_src": "https://cdn23.img.ria.ru/images/149370/01/1493700187_0:257:4928:3029_600x0_80_0_0_b1fb44fee3316276232506ce32314c8e.jpg", "image_alt": "Military Political Scientist: German Defense Minister 'Prying Out' US", "post_content": ""}
{"category": "Religion and worldview", "title": "Authorities are exploring Tsereteli\u2019s proposal to install a statue of Christ in Primorye", "post_slug": "authorities-are-exploring-tseretelis-proposal-to-install-a-statue-of-christ-in-primorye", "image_src": "https://cdn21.img.ria.ru/images/154891/90/1548919077_188:121:1911:1090_600x0_80_0_0_cdfbd417e9f6ba620e9e884d37fc72ad.jpg", "image_alt": "Authorities are exploring Tsereteli\u2019s proposal to install a statue of Christ in Primorye", "post_content": ""}
{"category": "MES", "title": "MOE warned of the threat of avalanches in the mountains of the Krasnodar Territory", "post_slug": "moe-warned-of-the-threat-of-avalanches-in-the-mountains-of-the-krasnodar-territory", "image_src": "https://cdn.pixabay.com/photo/2018/04/25/18/45/hang-gliding-or-wing-deltaest-3350261__180.jpg", "image_alt": "MOE warned of the threat of avalanches in the mountains of the Krasnodar Territory", "post_content": ""}
{"category": "Roscosmos", "title": "Roscosmos official apologized for comparing the residents of Khrushchev with the 'slaughterhouse'", "post_slug": "roscosmos-official-apologized-for-comparing-the-residents-of-khrushchev-with-the-slaughterhouse", "image_src": "", "image_alt": "Roscosmos official apologized for comparing the residents of Khrushchev with the 'slaughterhouse'", "post_content": ""}
{"category": "ONF", "title": "ONF has identified five garbage operators, staffed by no employees", "post_slug": "onf-has-identified-five-garbage-operators-staffed-by-no-employees", "image_src": "https://cdn25.img.ria.ru/images/155138/97/1551389730_0:309:3072:2037_600x0_80_0_0_03cdbc903a32aa234ccf8126b54669eb.jpg", "image_alt": "ONF has identified five garbage operators, staffed by no employees", "post_content": ""}
{"category": "Gorky Park", "title": "In Gorky Park on Shrovetide will burn five-meter boots of straw", "post_slug": "in-gorky-park-on-shrovetide-will-burn-five-meter-boots-of-straw", "image_src": "https://cdn23.img.ria.ru/images/155150/01/1551500110_0:99:3070:1827_600x0_80_0_0_058c83fa25af726b34bb9f87ba7474e3.jpg", "image_alt": "In Gorky Park on Shrovetide will burn five-meter boots of straw", "post_content": ""}
{"category": "Government of the Russian Federation", "title": "Cabinet approved a law on tax deductions for essential medicines", "post_slug": "cabinet-approved-a-law-on-tax-deductions-for-essential-medicines", "image_src": "https://cdn21.img.ria.ru/images/155144/46/1551444613_0:259:3092:1998_600x0_80_0_0_64c97da8ee16edcda9d6c6fc08b5c452.jpg", "image_alt": "Cabinet approved a law on tax deductions for essential medicines", "post_content": ""}
{"category": "Voronezh region", "title": "Voronezh State University will perpetuate the memory of Zhores Alferov", "post_slug": "voronezh-state-university-will-perpetuate-the-memory-of-zhores-alferov", "image_src": "https://cdn21.img.ria.ru/images/155149/69/1551496982_0:245:3077:1975_600x0_80_0_0_8e0eb3c7cdf22c914ea117db3506e2c2.jpg", "image_alt": "Voronezh State University will perpetuate the memory of Zhores Alferov", "post_content": ""}
{"category": "Roscosmos", "title": "Employee 'Roskosmos' recommended to dismiss after the words about the 'slaughterhouse'", "post_slug": "employee-roskosmos-recommended-to-dismiss-after-the-words-about-the-slaughterhouse", "image_src": "", "image_alt": "Employee 'Roskosmos' recommended to dismiss after the words about the 'slaughterhouse'", "post_content": ""}
{"category": "Tatarstan", "title": "In Tatarstan, the pensioner died when snow fell from the roof", "post_slug": "in-tatarstan-the-pensioner-died-when-snow-fell-from-the-roof", "image_src": "https://pixabay.com/static/uploads/photo/2015/06/08/15/11/kazan-801910_960_720.jpg", "image_alt": "In Tatarstan, the pensioner died when snow fell from the roof", "post_content": ""}
{"category": "Moscow", "title": "The man, \"mined\" Red Square, received a year of restriction of freedom", "post_slug": "the-man-mined-red-square-received-a-year-of-restriction-of-freedom", "image_src": "https://c.pxhere.com/photos/66/ab/miner_helmets_coal_overview_portrait_black_and_white_zonguldak_turkey-1163724.jpg!d", "image_alt": "The man, \"mined\" Red Square, received a year of restriction of freedom", "post_content": ""}
{"category": "Guy", "title": "Thirty-five visitors to a restaurant near Orenburg poisoned sushi", "post_slug": "thirty-five-visitors-to-a-restaurant-near-orenburg-poisoned-sushi", "image_src": "https://cdn.pixabay.com/photo/2014/04/30/03/04/mexico-334719_640.jpg", "image_alt": "Thirty-five visitors to a restaurant near Orenburg poisoned sushi", "post_content": ""}
{"category": "Tula", "title": "In Tula, the doctor was accused of killing a child who was delivered with severe burns.", "post_slug": "in-tula-the-doctor-was-accused-of-killing-a-child-who-was-delivered-with-severe-burns", "image_src": "https://cdn.pixabay.com/photo/2015/06/24/01/35/ruins-819377_640.jpg", "image_alt": "In Tula, the doctor was accused of killing a child who was delivered with severe burns.", "post_content": ""}
{"category": "Victory (airline)", "title": "The court upheld the air passenger\u2019s name and surname in a dispute with 'Victory'.", "post_slug": "the-court-upheld-the-air-passengers-name-and-surname-in-a-dispute-with-victory", "image_src": "http://static.arstechnica.net/2010/12/13/omega_copyright_ars.jpg", "image_alt": "The court upheld the air passenger\u2019s name and surname in a dispute with 'Victory'.", "post_content": ""}
{"category": "Bryansk", "title": "In Bryansk, kindergarten students poisoned with kefir and sour cream", "post_slug": "in-bryansk-kindergarten-students-poisoned-with-kefir-and-sour-cream", "image_src": "", "image_alt": "In Bryansk, kindergarten students poisoned with kefir and sour cream", "post_content": ""}
{"category": "Kaliningrad", "title": "SC initiated a case after the death of a child in a hospital in Kaliningrad", "post_slug": "sc-initiated-a-case-after-the-death-of-a-child-in-a-hospital-in-kaliningrad", "image_src": "https://cdn10.picryl.com/photo/2001/10/27/senior-airman-derek-turnipseed-us-air-force-usaf-structural-maintenance-specialist-db08ee-640.jpg", "image_alt": "SC initiated a case after the death of a child in a hospital in Kaliningrad", "post_content": ""}
{"category": "Orsk", "title": "Posted video of the murder of the deputy director of the urban electricity network Orsk", "post_slug": "posted-video-of-the-murder-of-the-deputy-director-of-the-urban-electricity-network-orsk", "image_src": "https://get.pxhere.com/photo/sign-red-street-sign-signage-lighting-mail-letter-box-letterbox-traffic-sign-post-box-646519.jpg", "image_alt": "Posted video of the murder of the deputy director of the urban electricity network Orsk", "post_content": ""}
{"category": "Jewish Autonomous Region", "title": "In the JARA condemned the school director for the death of a student after changing the schedule", "post_slug": "in-the-jara-condemned-the-school-director-for-the-death-of-a-student-after-changing-the-schedule", "image_src": "https://cdn.pixabay.com/photo/2015/09/08/10/02/flowers-929724_960_720.jpg", "image_alt": "In the JARA condemned the school director for the death of a student after changing the schedule", "post_content": ""}
{"category": "Chelyabinsk", "title": "The court in Chelyabinsk sentenced the ex-investigator to 7.5 years in prison for bribing", "post_slug": "the-court-in-chelyabinsk-sentenced-the-ex-investigator-to-7-5-years-in-prison-for-bribing", "image_src": "http://truthvoice.com/wp-content/uploads/2015/04/supremecourt-dd6385dba48910068ac8f1d92526b1f1fe2924f8-s6-c30.jpg", "image_alt": "The court in Chelyabinsk sentenced the ex-investigator to 7.5 years in prison for bribing", "post_content": ""}
{"category": "Religion and worldview", "title": "Anti-terror measures should not interfere with the activities of religions, according to the Kremlin", "post_slug": "anti-terror-measures-should-not-interfere-with-the-activities-of-religions-according-to-the-kremlin", "image_src": "https://cdn23.img.ria.ru/images/154841/97/1548419705_0:0:3072:1728_600x0_80_0_0_7367ba45ad24ce7fed4ec073cfa4db5e.jpg", "image_alt": "Anti-terror measures should not interfere with the activities of religions, according to the Kremlin", "post_content": ""}
{"category": "Religion and worldview", "title": "Patriarch urged priests to engage in fighting school bullying", "post_slug": "patriarch-urged-priests-to-engage-in-fighting-school-bullying", "image_src": "https://cdn23.img.ria.ru/images/152843/34/1528433446_0:358:8376:5069_600x0_80_0_0_764144bec61e472109c9a1c03262fe7e.jpg", "image_alt": "Patriarch urged priests to engage in fighting school bullying", "post_content": ""}
{"category": "Kyrgyzstan", "title": "In Kyrgyzstan, on behalf of the Speaker of Parliament sent a letter with errors", "post_slug": "in-kyrgyzstan-on-behalf-of-the-speaker-of-parliament-sent-a-letter-with-errors", "image_src": "https://openclipart.org/image/2400px/svg_to_png/273390/Kyrgyzstan-Map-Flag.png", "image_alt": "In Kyrgyzstan, on behalf of the Speaker of Parliament sent a letter with errors", "post_content": ""}
{"category": "Elon Musk", "title": "Mask in Russian thanked for congratulations with the docking of the Dragon-2 to the ISS", "post_slug": "mask-in-russian-thanked-for-congratulations-with-the-docking-of-the-dragon-2-to-the-iss", "image_src": "https://cdn25.img.ria.ru/images/153349/78/1533497881_0:135:2200:1373_600x0_80_0_0_fa5d2c49b3a4b99656e2b21740463220.jpg", "image_alt": "Mask in Russian thanked for congratulations with the docking of the Dragon-2 to the ISS", "post_content": ""}
{"category": "International Space Station", "title": "The crew of the ISS opened the hatch in the Dragon-2 and took air samples", "post_slug": "the-crew-of-the-iss-opened-the-hatch-in-the-dragon-2-and-took-air-samples", "image_src": "https://cdn24.img.ria.ru/images/153113/33/1531133389_0:0:1200:676_600x0_80_0_0_59e09a51de843deb5e8b51e5e82ac2d9.jpg", "image_alt": "The crew of the ISS opened the hatch in the Dragon-2 and took air samples", "post_content": ""}
{"category": "Spacex", "title": "Source: Dragon 2 has moored to the node of the ISS, whose 'heart' is made in Russia", "post_slug": "source-dragon-2-has-moored-to-the-node-of-the-iss-whose-heart-is-made-in-russia", "image_src": "https://cdn22.img.ria.ru/images/155149/72/1551497274_0:243:3210:2048_600x0_80_0_0_8426a75764006b371ae37a340e079541.jpg", "image_alt": "Source: Dragon 2 has moored to the node of the ISS, whose 'heart' is made in Russia", "post_content": ""}
{"category": "RIA Science", "title": "Mask in Russian thanked for the congratulations with the docking of the Dragon-2 to the ISS", "post_slug": "mask-in-russian-thanked-for-the-congratulations-with-the-docking-of-the-dragon-2-to-the-iss", "image_src": "https://cdn23.img.ria.ru/images/155152/90/1551529077_0:96:1660:1030_600x0_80_0_0_56a073db16438c76ac5025f28b23200e.jpg", "image_alt": "Mask in Russian thanked for the congratulations with the docking of the Dragon-2 to the ISS", "post_content": ""}
{"category": "Baikonur (cosmodrome)", "title": "The source said that waiting for those responsible for the emergency when launching the satellite EgyptSat-A", "post_slug": "the-source-said-that-waiting-for-those-responsible-for-the-emergency-when-launching-the-satellite-egyptsat-a", "image_src": "https://images.pexels.com/photos/6385/hands-people-woman-meeting.jpg?w=1200&h=627&fit=crop&auto=compress&cs=tinysrgb", "image_alt": "The source said that waiting for those responsible for the emergency when launching the satellite EgyptSat-A", "post_content": ""}
{"category": "Religion and worldview", "title": "The UOC has announced the participation of local authorities in the seizure of temples of the canonical church", "post_slug": "the-uoc-has-announced-the-participation-of-local-authorities-in-the-seizure-of-temples-of-the-canonical-church", "image_src": "", "image_alt": "The UOC has announced the participation of local authorities in the seizure of temples of the canonical church", "post_content": ""}
{"category": "Religion and worldview", "title": "Detained in the Crimea, the priest of the \"new church\" released, said in Kiev", "post_slug": "detained-in-the-crimea-the-priest-of-the-new-church-released-said-in-kiev", "image_src": "http://truthvoice.com/wp-content/uploads/2015/03/deverpdchief-300x199.jpg", "image_alt": "Detained in the Crimea, the priest of the \"new church\" released, said in Kiev", "post_content": ""}
{"category": "Religion and worldview", "title": "\"Pancakes are not a symbol of the sun at all.\" Where did the traditions of Shrovetide come from?", "post_slug": "pancakes-are-not-a-symbol-of-the-sun-at-all-where-did-the-traditions-of-shrovetide-come-from", "image_src": "https://cdn23.img.ria.ru/images/104908/47/1049084723_0:160:3072:1888_600x0_80_0_0_b97230004b4d229bf753bce2b7931b7e.jpg", "image_alt": "\"Pancakes are not a symbol of the sun at all.\" Where did the traditions of Shrovetide come from?", "post_content": ""}
{"category": "Religion and worldview", "title": "In Ukraine, radicals and dissenters beat parishioners and captured the UOC temple", "post_slug": "in-ukraine-radicals-and-dissenters-beat-parishioners-and-captured-the-uoc-temple", "image_src": "https://cdn24.img.ria.ru/images/155152/52/1551525229_0:0:658:371_600x0_80_0_0_9c68f0dfca5adedc8db6b648d22fd44a.jpg", "image_alt": "In Ukraine, radicals and dissenters beat parishioners and captured the UOC temple", "post_content": ""}
{"category": "Religion and worldview", "title": "The head of the \"new church\" of Ukraine denies that it is funded by the state", "post_slug": "the-head-of-the-new-church-of-ukraine-denies-that-it-is-funded-by-the-state", "image_src": "https://cdn22.img.ria.ru/images/154909/25/1549092514_82:497:2837:2047_600x0_80_0_0_97457aefd9e60837806e4681037270c6.jpg", "image_alt": "The head of the \"new church\" of Ukraine denies that it is funded by the state", "post_content": ""}
{"category": "Coup attempt in Venezuela", "title": "Organizers of unrest in Venezuela did not expect repulse from Maduro, said in Spain", "post_slug": "organizers-of-unrest-in-venezuela-did-not-expect-repulse-from-maduro-said-in-spain", "image_src": "https://cdn24.img.ria.ru/images/155129/33/1551293333_0:120:1280:840_600x0_80_0_0_5f783393e10a67cd0b98e12dbae1494f.jpg", "image_alt": "Organizers of unrest in Venezuela did not expect repulse from Maduro, said in Spain", "post_content": ""}
{"category": "Great Britain", "title": "Ted Baker founder quit after 'forced hugs' accusations", "post_slug": "ted-baker-founder-quit-after-forced-hugs-accusations", "image_src": "https://cdn21.img.ria.ru/images/155153/47/1551534745_0:0:3069:1727_600x0_80_0_0_4a67f39a8f596fcbca075e417d3d3277.jpg", "image_alt": "Ted Baker founder quit after 'forced hugs' accusations", "post_content": ""}
{"category": "Case of Scripal poisoning", "title": "Foreign Ministry called the incident in Salisbury a trick to switch the attention of the British", "post_slug": "foreign-ministry-called-the-incident-in-salisbury-a-trick-to-switch-the-attention-of-the-british", "image_src": "https://cdn24.img.ria.ru/images/154977/20/1549772092_0:0:3012:1695_600x0_80_0_0_e12638249b24def8461efb5d830f1ca4.jpg", "image_alt": "Foreign Ministry called the incident in Salisbury a trick to switch the attention of the British", "post_content": ""}
{"category": "Petro Poroshenko", "title": "In the State Duma called Poroshenko's promise \"not to give the Crimea\" hypocrisy", "post_slug": "in-the-state-duma-called-poroshenko-s-promise-not-to-give-the-crimea-hypocrisy", "image_src": "https://cdn21.img.ria.ru/images/154778/95/1547789532_0:160:3072:1888_600x0_80_0_0_d7f1703f489357f411f27da016088a9d.jpg", "image_alt": "In the State Duma called Poroshenko's promise \"not to give the Crimea\" hypocrisy", "post_content": ""}
{"category": "The situation in Ukraine", "title": "Poroshenko dismissed the deputy secretary of the National Security and Defense Council after the publication about plunders in army", "post_slug": "poroshenko-dismissed-the-deputy-secretary-of-the-national-security-and-defense-council-after-the-publication-about-plunders-in-army", "image_src": "https://cdn24.img.ria.ru/images/154776/11/1547761197_0:162:3014:1857_600x0_80_0_0_e007b7c78f88a0ee9073346c9e76d8d4.jpg", "image_alt": "Poroshenko dismissed the deputy secretary of the National Security and Defense Council after the publication about plunders in army", "post_content": ""}
{"category": "The situation in Ukraine", "title": "In Odessa, they called those who promised to disrupt the concert of Zhvanetsky radicals undead", "post_slug": "in-odessa-they-called-those-who-promised-to-disrupt-the-concert-of-zhvanetsky-radicals-undead", "image_src": "https://cdn25.img.ria.ru/images/152995/20/1529952016_0:160:3072:1888_600x0_80_0_0_b40023115c20e186405386d37ee49a35.jpg", "image_alt": "In Odessa, they called those who promised to disrupt the concert of Zhvanetsky radicals undead", "post_content": ""}
{"category": "Religion and worldview", "title": "A resident of Udmurtia must demolish the church he built", "post_slug": "a-resident-of-udmurtia-must-demolish-the-church-he-built", "image_src": "https://cdn25.img.ria.ru/images/realty/39718/45/397184569_0:156:3000:1844_600x0_80_0_0_666db222140634f3e7e5839f5c6d7c10.jpg", "image_alt": "A resident of Udmurtia must demolish the church he built", "post_content": ""}
{"category": "The prodigy", "title": "Prodigy singer Keith Flint dies a natural death", "post_slug": "prodigy-singer-keith-flint-dies-a-natural-death", "image_src": "https://cdn21.img.ria.ru/images/83688/85/836888597_0:0:2891:1627_600x0_80_0_0_e09fa22df00e3d6e4ca6977e32c6a047.jpg", "image_alt": "Prodigy singer Keith Flint dies a natural death", "post_content": ""}
{"category": "NATO", "title": "Swedish experts: the West overestimated Russia's military activity in the Baltic", "post_slug": "swedish-experts-the-west-overestimated-russia-s-military-activity-in-the-baltic", "image_src": "https://cdn21.img.ria.ru/images/153380/54/1533805444_0:148:3201:1949_600x0_80_0_0_42ab01c0c9ec1000101941cb9b8800dd.jpg", "image_alt": "Swedish experts: the West overestimated Russia's military activity in the Baltic", "post_content": ""}
{"category": "The situation in the DNI and LC", "title": "In the DPR announced the destruction of the firing points of the Ukrainian security forces", "post_slug": "in-the-dpr-announced-the-destruction-of-the-firing-points-of-the-ukrainian-security-forces", "image_src": "https://cdn.pixabay.com/photo/2013/02/23/21/03/washington-dc-85540_640.jpg", "image_alt": "In the DPR announced the destruction of the firing points of the Ukrainian security forces", "post_content": ""}
{"category": "Donbass", "title": "In the DPR reported the death of one person during the day due to shelling", "post_slug": "in-the-dpr-reported-the-death-of-one-person-during-the-day-due-to-shelling", "image_src": "https://cdn.pixabay.com/photo/2013/02/23/21/03/washington-dc-85540_640.jpg", "image_alt": "In the DPR reported the death of one person during the day due to shelling", "post_content": ""}
{"category": "China", "title": "In China, one and a half kilograms of hair was pulled out of the child's stomach", "post_slug": "in-china-one-and-a-half-kilograms-of-hair-was-pulled-out-of-the-child-s-stomach", "image_src": "https://cdn25.img.ria.ru/images/149207/24/1492072490_0:160:3072:1888_600x0_80_0_0_aef3abcb0ed0a9fd4400c44bced08a1b.jpg", "image_alt": "In China, one and a half kilograms of hair was pulled out of the child's stomach", "post_content": ""}
{"category": "East (cosmodrome)", "title": "Source: The Ministry of Defense ordered Angara missiles for launches from the East", "post_slug": "source-the-ministry-of-defense-ordered-angara-missiles-for-launches-from-the-east", "image_src": "https://cdn25.img.ria.ru/images/104017/45/1040174523_0:115:2200:1353_600x0_80_0_0_5a5abe4b80475deb6a4da20eb53037f5.jpg", "image_alt": "Source: The Ministry of Defense ordered Angara missiles for launches from the East", "post_content": ""}
{"category": "China", "title": "In the north-west of China, a \"Martian base\" has opened for scientists and tourists", "post_slug": "in-the-north-west-of-china-a-martian-base-has-opened-for-scientists-and-tourists", "image_src": "https://archive.org/services/img/factsrespectingi00cana_0", "image_alt": "In the north-west of China, a \"Martian base\" has opened for scientists and tourists", "post_content": ""}
{"category": "Exeter University", "title": "Mother-in-law against mother-in-law. Scientists have figured out which grandmother is more useful.", "post_slug": "mother-in-law-against-mother-in-law-scientists-have-figured-out-which-grandmother-is-more-useful", "image_src": "https://cdn25.img.ria.ru/images/155148/75/1551487565_0:160:3072:1888_600x0_80_0_0_1d706fc5c3603c70f7c19b4bbdcbf7e0.jpg", "image_alt": "Mother-in-law against mother-in-law. Scientists have figured out which grandmother is more useful.", "post_content": ""}
{"category": "USA", "title": "Scientists talked about the benefits of tomatoes", "post_slug": "scientists-talked-about-the-benefits-of-tomatoes", "image_src": "https://cdn22.img.ria.ru/images/154860/33/1548603330_0:317:3076:2047_600x0_80_0_0_b44226ed2508fe3dc76fd16a257be876.jpg", "image_alt": "Scientists talked about the benefits of tomatoes", "post_content": ""}
{"category": "University science", "title": "The development of NITU 'MISiS' will help create a new generation of nuclear reactors", "post_slug": "the-development-of-nitu-misis-will-help-create-a-new-generation-of-nuclear-reactors", "image_src": "https://cdn22.img.ria.ru/images/155148/21/1551482110_0:160:3073:1888_600x0_80_0_0_ff87b58208344c2052ce3588d6304226.jpg", "image_alt": "The development of NITU 'MISiS' will help create a new generation of nuclear reactors", "post_content": ""}
{"category": "Religion and worldview", "title": "In the center of Moscow restored the paintings of the ancient church", "post_slug": "in-the-center-of-moscow-restored-the-paintings-of-the-ancient-church", "image_src": "https://cdn24.img.ria.ru/images/155152/47/1551524767_178:0:1600:800_600x0_80_0_0_884a80d0cf70232e7bbb7a168f879e7a.jpg", "image_alt": "In the center of Moscow restored the paintings of the ancient church", "post_content": ""}
{"category": "Russia", "title": "In Russia, they suggested using a solar-powered 3D printer on the moon", "post_slug": "in-russia-they-suggested-using-a-solar-powered-3d-printer-on-the-moon", "image_src": "https://cdn25.img.ria.ru/images/152154/87/1521548776_0:0:3073:1730_600x0_80_0_0_4a8ad7c2124e84488e60f330d6a89a10.jpg", "image_alt": "In Russia, they suggested using a solar-powered 3D printer on the moon", "post_content": ""}
{"category": "Egypt", "title": "In Egypt, found a sphinx with the head of a ram", "post_slug": "in-egypt-found-a-sphinx-with-the-head-of-a-ram", "image_src": "https://cdn25.img.ria.ru/images/155152/93/1551529319_0:300:1600:1200_600x0_80_0_0_7e8079cd2b6fde84a46373757d41fb00.jpg", "image_alt": "In Egypt, found a sphinx with the head of a ram", "post_content": ""}
{"category": "Energomash", "title": "'Energomash' told about the lag of Russia in the creation of a super-heavy rocket", "post_slug": "energomash-told-about-the-lag-of-russia-in-the-creation-of-a-super-heavy-rocket", "image_src": "", "image_alt": "'Energomash' told about the lag of Russia in the creation of a super-heavy rocket", "post_content": ""}
{"category": "International Space Station", "title": "ISS will receive video communication with the Earth in HD", "post_slug": "iss-will-receive-video-communication-with-the-earth-in-hd", "image_src": "https://cdn21.img.ria.ru/images/153175/84/1531758401_0:213:2048:1365_600x0_80_0_0_4ec1fb187e2fac393e2e5527d880529d.jpg", "image_alt": "ISS will receive video communication with the Earth in HD", "post_content": ""}
{"category": "Case of Scripal poisoning", "title": "British media want to make Russian embassy 'toxic', said diplomat", "post_slug": "british-media-want-to-make-russian-embassy-toxic-said-diplomat", "image_src": "https://cdn24.img.ria.ru/images/151955/98/1519559836_0:161:2000:1286_600x0_80_0_0_00c2e8e7623fcd234d88a01aa8aba46a.jpg", "image_alt": "British media want to make Russian embassy 'toxic', said diplomat", "post_content": ""}
{"category": "The situation in Ukraine", "title": "About 60% of Ukrainians believe that the economic situation in the country has deteriorated", "post_slug": "about-60-of-ukrainians-believe-that-the-economic-situation-in-the-country-has-deteriorated", "image_src": "", "image_alt": "About 60% of Ukrainians believe that the economic situation in the country has deteriorated", "post_content": ""}
{"category": "Canada", "title": "In China, accused of spying a Canadian ex-diplomat", "post_slug": "in-china-accused-of-spying-a-canadian-ex-diplomat", "image_src": "https://cdn4.picryl.com/photo/2015/11/25/chinese-ambassador-luncheon-guest-of-national-press-club-washington-dc-oct-640.jpg", "image_alt": "In China, accused of spying a Canadian ex-diplomat", "post_content": ""}
{"category": "Roscosmos", "title": "Rogozin is counting on the support of the Federal Assembly on the project 'Sphere'", "post_slug": "rogozin-is-counting-on-the-support-of-the-federal-assembly-on-the-project-sphere", "image_src": "https://cdn22.img.ria.ru/images/155126/62/1551266298_0:196:2048:1348_600x0_80_0_0_f9bf1dec70ff89b9b22c7a085f272bcc.jpg", "image_alt": "Rogozin is counting on the support of the Federal Assembly on the project 'Sphere'", "post_content": ""}
{"category": "RAS", "title": "The scientist spoke about the benefits of 'sunny winter'", "post_slug": "the-scientist-spoke-about-the-benefits-of-sunny-winter", "image_src": "https://cdn24.img.ria.ru/images/155140/91/1551409115_0:462:1650:1390_600x0_80_0_0_94f7cad41b4c1f0c3f6fa110470c983f.jpg", "image_alt": "The scientist spoke about the benefits of 'sunny winter'", "post_content": ""}
{"category": "Sputnik Radio", "title": "Political analyst: the legitimacy of elections in Ukraine may be in doubt", "post_slug": "political-analyst-the-legitimacy-of-elections-in-ukraine-may-be-in-doubt", "image_src": "https://cdn25.img.ria.ru/images/155145/79/1551457937_0:321:3071:2048_600x0_80_0_0_16808af130b2c8b504f7428cad095390.jpg", "image_alt": "Political analyst: the legitimacy of elections in Ukraine may be in doubt", "post_content": ""}
{"category": "Politics", "title": "\"London is afraid of questions of Russia.\" Political analyst on the anniversary of the poisoning of Skripale", "post_slug": "london-is-afraid-of-questions-of-russia-political-analyst-on-the-anniversary-of-the-poisoning-of-skripale", "image_src": "https://cdn24.img.ria.ru/images/153060/93/1530609311_0:168:1851:1209_600x0_80_0_0_a0c2d297733f5125eaa1d36078505f6a.jpg", "image_alt": "\"London is afraid of questions of Russia.\" Political analyst on the anniversary of the poisoning of Skripale", "post_content": ""}
{"category": "Luxembourg", "title": "The Ambassador of Luxembourg urged to improve the quality of the dialogue between Russia and the EU", "post_slug": "the-ambassador-of-luxembourg-urged-to-improve-the-quality-of-the-dialogue-between-russia-and-the-eu", "image_src": "https://cdn24.img.ria.ru/images/155152/96/1551529668_180:0:2464:1285_600x0_80_0_0_9b78489d50368006a27229209a36823f.jpg", "image_alt": "The Ambassador of Luxembourg urged to improve the quality of the dialogue between Russia and the EU", "post_content": ""}
{"category": "Sputnik Radio", "title": "The politician told why in the West they are trying to rehabilitate Nazism", "post_slug": "the-politician-told-why-in-the-west-they-are-trying-to-rehabilitate-nazism", "image_src": "https://cdn21.img.ria.ru/images/105898/20/1058982042_0:189:2969:1859_600x0_80_0_0_587b26060d01f01a9830f1cd9702ca92.jpg", "image_alt": "The politician told why in the West they are trying to rehabilitate Nazism", "post_content": ""}
{"category": "Sputnik Radio", "title": "The Case of Skripale: A Year Later", "post_slug": "the-case-of-skripale-a-year-later", "image_src": "http://archive.org/services/img/nietzsche_wagner_1408_librivox", "image_alt": "The Case of Skripale: A Year Later", "post_content": ""}
{"category": "Mound", "title": "The head of the mound resigned at his own request", "post_slug": "the-head-of-the-mound-resigned-at-his-own-request", "image_src": "https://images.metmuseum.org/CRDImages/eg/original/34.2.2_EGDP011841.jpg", "image_alt": "The head of the mound resigned at his own request", "post_content": ""}
{"category": "Roscosmos", "title": "Rogozin asked Sovfed to take satellite imagery in court.", "post_slug": "rogozin-asked-sovfed-to-take-satellite-imagery-in-court", "image_src": "https://cdn22.img.ria.ru/images/155126/62/1551266298_0:196:2048:1348_600x0_80_0_0_f9bf1dec70ff89b9b22c7a085f272bcc.jpg", "image_alt": "Rogozin asked Sovfed to take satellite imagery in court.", "post_content": ""}
{"category": "Sputnik Radio", "title": "\"Eloquently and obviously.\" Ukrainian politician on the refusal of observers from Germany", "post_slug": "eloquently-and-obviously-ukrainian-politician-on-the-refusal-of-observers-from-germany", "image_src": "https://cdn24.img.ria.ru/images/155142/60/1551426007_0:0:2778:1563_600x0_80_0_0_0b82717a9ea1da9d16099f0fb1efdcc9.jpg", "image_alt": "\"Eloquently and obviously.\" Ukrainian politician on the refusal of observers from Germany", "post_content": ""}
{"category": "Dmitry Peskov", "title": "Peskov: the time has come for quick and effective implementation of Putin\u2019s orders", "post_slug": "peskov-the-time-has-come-for-quick-and-effective-implementation-of-putins-orders", "image_src": "https://cdn24.img.ria.ru/images/152685/66/1526856661_0:187:2979:1863_600x0_80_0_0_f9d545712489168d9fe7e9073577515a.jpg", "image_alt": "Peskov: the time has come for quick and effective implementation of Putin\u2019s orders", "post_content": ""}
{"category": "Sputnik Radio", "title": "'Compass'. Will India and Pakistan unleash a nuclear war? Opinion political scientist", "post_slug": "compass-will-india-and-pakistan-unleash-a-nuclear-war-opinion-political-scientist", "image_src": "https://archive.org/services/img/gov.in.is.1955.1961&scale=2", "image_alt": "'Compass'. Will India and Pakistan unleash a nuclear war? Opinion political scientist", "post_content": ""}
{"category": "Energomash", "title": "NPO Energomash: Russian monopoly on the delivery of crews to the ISS remains", "post_slug": "npo-energomash-russian-monopoly-on-the-delivery-of-crews-to-the-iss-remains", "image_src": "https://cdn24.img.ria.ru/images/147637/55/1476375555_0:304:3067:2029_600x0_80_0_0_2d20184d2ece7a7b3fad870732a5314a.jpg", "image_alt": "NPO Energomash: Russian monopoly on the delivery of crews to the ISS remains", "post_content": ""}
{"category": "Patriarchate of Constantinople", "title": "Religious on the capture of the temples of the UOC: it remains only to hope for one thing", "post_slug": "religious-on-the-capture-of-the-temples-of-the-uoc-it-remains-only-to-hope-for-one-thing", "image_src": "https://cdn24.img.ria.ru/images/155152/52/1551525229_0:0:658:371_600x0_80_0_0_9c68f0dfca5adedc8db6b648d22fd44a.jpg", "image_alt": "Religious on the capture of the temples of the UOC: it remains only to hope for one thing", "post_content": ""}
{"category": "Vladimir Putin", "title": "Putin appointed Vadim Razumovsky Russia's ambassador to Sierra Leone and Guinea", "post_slug": "putin-appointed-vadim-razumovsky-russia-s-ambassador-to-sierra-leone-and-guinea", "image_src": "", "image_alt": "Putin appointed Vadim Razumovsky Russia's ambassador to Sierra Leone and Guinea", "post_content": ""}
{"category": "RIA Science", "title": "NASA revealed Crew Dragon docking with ISS", "post_slug": "nasa-revealed-crew-dragon-docking-with-iss", "image_src": "https://cdn22.img.ria.ru/images/155152/89/1551528902_1:0:2001:1125_600x0_80_0_0_9facc34b3f3214df277ad0033aca7326.jpg", "image_alt": "NASA revealed Crew Dragon docking with ISS", "post_content": ""}
{"category": "Donald Trump's second meeting with Kim Jong-un", "title": "Representatives of Russia and the United States discussed the results of the meeting of Trump and Kim Jong-un", "post_slug": "representatives-of-russia-and-the-united-states-discussed-the-results-of-the-meeting-of-trump-and-kim-jong-un", "image_src": "https://cdn24.img.ria.ru/images/155141/62/1551416206_0:0:3072:1728_600x0_80_0_0_9023bf468069656dd4525246334ab264.jpg", "image_alt": "Representatives of Russia and the United States discussed the results of the meeting of Trump and Kim Jong-un", "post_content": ""}
{"category": "Religion and worldview", "title": "ROC has no problems with work in North Korea", "post_slug": "roc-has-no-problems-with-work-in-north-korea", "image_src": "http://wikialpha.org/mediawiki/images/thumb/6/6f/Diaman-roc38.jpg/240px-Diaman-roc38.jpg", "image_alt": "ROC has no problems with work in North Korea", "post_content": ""}
{"category": "Religion and worldview", "title": "In Kiev, announced the detention in the Crimea, the priest of the Ukrainian 'new church'", "post_slug": "in-kiev-announced-the-detention-in-the-crimea-the-priest-of-the-ukrainian-new-church", "image_src": "https://cdn-images-1.medium.com/max/1600/1*jt605gVgPlCs6ERFrji9EA.jpeg", "image_alt": "In Kiev, announced the detention in the Crimea, the priest of the Ukrainian 'new church'", "post_content": ""}
{"category": "Papua New Guinea", "title": "A 5.9-magnitude earthquake hit the coast of Papua New Guinea", "post_slug": "a-5-9-magnitude-earthquake-hit-the-coast-of-papua-new-guinea", "image_src": "", "image_alt": "A 5.9-magnitude earthquake hit the coast of Papua New Guinea", "post_content": ""}
{"category": "Religion and worldview", "title": "The ROC told about the plans of Patriarch Kirill to visit the DPRK", "post_slug": "the-roc-told-about-the-plans-of-patriarch-kirill-to-visit-the-dprk", "image_src": "https://cdn24.img.ria.ru/images/155024/53/1550245334_0:393:2898:2023_600x0_80_0_0_9faedfa5f007f431147935c5a70a44a4.jpg", "image_alt": "The ROC told about the plans of Patriarch Kirill to visit the DPRK", "post_content": ""}
{"category": "Krasnodar region", "title": "In the Kuban DPS inspector at Infiniti drove into pedestrian fences", "post_slug": "in-the-kuban-dps-inspector-at-infiniti-drove-into-pedestrian-fences", "image_src": "https://www.goodfreephotos.com/cache/historical-battles/world-war-ii/british-soldier-gives-v-gesture-to-german-prisoners-during-second-battle-of-el-alamein.jpg", "image_alt": "In the Kuban DPS inspector at Infiniti drove into pedestrian fences", "post_content": ""}
{"category": "Rosselkhoznadzor", "title": "Hackers attacked the state information system in the field of veterinary medicine", "post_slug": "hackers-attacked-the-state-information-system-in-the-field-of-veterinary-medicine", "image_src": "https://cdn21.img.ria.ru/images/154800/83/1548008319_0:95:3008:1787_600x0_80_0_0_03394896ebd88eaf33a12b537a8550a2.jpg", "image_alt": "Hackers attacked the state information system in the field of veterinary medicine", "post_content": ""}
{"category": "Roscosmos", "title": "Pushkov responded to the words of the official Roscosmos about the 'slaughterhouse' in the Khrushchev", "post_slug": "pushkov-responded-to-the-words-of-the-official-roscosmos-about-the-slaughterhouse-in-the-khrushchev", "image_src": "https://cdn25.img.ria.ru/images/152878/23/1528782395_0:161:3071:1888_600x0_80_0_0_0e970cee55edb8c7ee6939df6e596215.jpg", "image_alt": "Pushkov responded to the words of the official Roscosmos about the 'slaughterhouse' in the Khrushchev", "post_content": ""}
{"category": "Ministry of Environment", "title": "The Ministry of Environment explained why killer whales are not released from the 'whale prison'", "post_slug": "the-ministry-of-environment-explained-why-killer-whales-are-not-released-from-the-whale-prison", "image_src": "https://cdn24.img.ria.ru/images/155146/91/1551469102_0:0:3071:1728_600x0_80_0_0_2f74513cf12f5c149d150d65dc05ab59.jpg", "image_alt": "The Ministry of Environment explained why killer whales are not released from the 'whale prison'", "post_content": ""}
{"category": "Russia", "title": "Muscovites expect strong drops in atmospheric pressure", "post_slug": "muscovites-expect-strong-drops-in-atmospheric-pressure", "image_src": "https://cdn21.img.ria.ru/images/148355/03/1483550313_0:26:3039:1735_600x0_80_0_0_dcc3db8ba81aa220b6e27bc488c507f2.jpg", "image_alt": "Muscovites expect strong drops in atmospheric pressure", "post_content": ""}
{"category": "Mikhail Chernikov", "title": "In traffic police decide how to protect pedestrians on unlit roads", "post_slug": "in-traffic-police-decide-how-to-protect-pedestrians-on-unlit-roads", "image_src": "https://cdn25.img.ria.ru/images/152371/11/1523711137_0:205:3055:1923_600x0_80_0_0_c102338d1b77d65eaf5ef4a4acb3b85b.jpg", "image_alt": "In traffic police decide how to protect pedestrians on unlit roads", "post_content": ""}
{"category": "Traffic police Ministry of Internal Affairs of the Russian Federation", "title": "Autoexperts supported the initiative of bus inspection by traffic police officers", "post_slug": "autoexperts-supported-the-initiative-of-bus-inspection-by-traffic-police-officers", "image_src": "", "image_alt": "Autoexperts supported the initiative of bus inspection by traffic police officers", "post_content": ""}
{"category": "Religion and worldview", "title": "ROC: Buddhists did not create their own direction for the subject of 'theology'", "post_slug": "roc-buddhists-did-not-create-their-own-direction-for-the-subject-of-theology", "image_src": "https://cdn22.img.ria.ru/images/153187/26/1531872636_0:173:3072:1901_600x0_80_0_0_9f0b8624eea297ef310cc61975fc5346.jpg", "image_alt": "ROC: Buddhists did not create their own direction for the subject of 'theology'", "post_content": ""}
{"category": "Religion and worldview", "title": "Universal parental Saturday has come to Russia", "post_slug": "universal-parental-saturday-has-come-to-russia", "image_src": "https://cdn23.img.ria.ru/images/149580/58/1495805821_0:23:2843:1622_600x0_80_0_0_4e87debfcc4d9ada33b84fb9f2d5f80e.jpg", "image_alt": "Universal parental Saturday has come to Russia", "post_content": ""}
{"category": "Religion and worldview", "title": "Authorities: Former priest built a 'private' church in Udmurtia", "post_slug": "authorities-former-priest-built-a-private-church-in-udmurtia", "image_src": "https://cdn21.img.ria.ru/images/150735/35/1507353563_0:160:3076:1890_600x0_80_0_0_59343b1b4387aee336e166caf752e01d.jpg", "image_alt": "Authorities: Former priest built a 'private' church in Udmurtia", "post_content": ""}
{"category": "The situation around the UOC", "title": "Constantinople refused an all-Orthodox discussion of the Ukrainian topic", "post_slug": "constantinople-refused-an-all-orthodox-discussion-of-the-ukrainian-topic", "image_src": "https://cdn25.img.ria.ru/images/154349/24/1543492441_0:221:5184:3137_600x0_80_0_0_e9ad60adedb38e40d69295eddf88cefb.jpg", "image_alt": "Constantinople refused an all-Orthodox discussion of the Ukrainian topic", "post_content": ""}
{"category": "Religion and worldview", "title": "Legoyda commented on another seizure of the UOC temple in Ukraine", "post_slug": "legoyda-commented-on-another-seizure-of-the-uoc-temple-in-ukraine", "image_src": "https://cdn21.img.ria.ru/images/154923/51/1549235188_0:1:3019:1699_600x0_80_0_0_5592b4adc3bb1d749fd5c883e10cde3d.jpg", "image_alt": "Legoyda commented on another seizure of the UOC temple in Ukraine", "post_content": ""}
{"category": "psyche", "title": "Neuroscientists have proven that micro-doses of psychedelics are dangerous for the brain.", "post_slug": "neuroscientists-have-proven-that-micro-doses-of-psychedelics-are-dangerous-for-the-brain", "image_src": "https://cdn22.img.ria.ru/images/150138/53/1501385398_0:0:2000:1126_600x0_80_0_0_718f253f797f03fbed545f5a9d0500fc.jpg", "image_alt": "Neuroscientists have proven that micro-doses of psychedelics are dangerous for the brain.", "post_content": ""}
{"category": "Turkish stream", "title": "'In' Naftogaz 'suddenly saw the light.' Politician about the risk of loss of transit by Ukraine", "post_slug": "in-naftogaz-suddenly-saw-the-light-politician-about-the-risk-of-loss-of-transit-by-ukraine", "image_src": "https://cdn21.img.ria.ru/images/155150/17/1551501789_0:144:2907:1779_600x0_80_0_0_201dbfb1affb0c19d498454c2d3ee922.jpg", "image_alt": "'In' Naftogaz 'suddenly saw the light.' Politician about the risk of loss of transit by Ukraine", "post_content": ""}
{"category": "Irkutsk region", "title": "The former head of the Ministry of Economic Development of Angara region became deputy prime minister of Transbaikalia", "post_slug": "the-former-head-of-the-ministry-of-economic-development-of-angara-region-became-deputy-prime-minister-of-transbaikalia", "image_src": "http://thumb10.shutterstock.com/thumb_large/741961/123788653/stock-photo-moscow-november-the-first-president-of-ussr-mikhail-gorbachev-presents-his-book-with-myself-123788653.jpg", "image_alt": "The former head of the Ministry of Economic Development of Angara region became deputy prime minister of Transbaikalia", "post_content": ""}
{"category": "Yuri Borisov (military leader)", "title": "Borisov recalled that the Arctic is the sphere of Russia's military interests", "post_slug": "borisov-recalled-that-the-arctic-is-the-sphere-of-russia-s-military-interests", "image_src": "https://cdn22.img.ria.ru/images/153136/24/1531362402_207:767:2485:2048_600x0_80_0_0_1bb4afdb659db7b5527cdf09341f759c.jpg", "image_alt": "Borisov recalled that the Arctic is the sphere of Russia's military interests", "post_content": ""}
{"category": "Sputnik Radio", "title": "\"There is too much at stake.\" Economist on the negotiations the US and China", "post_slug": "there-is-too-much-at-stake-economist-on-the-negotiations-the-us-and-china", "image_src": "https://cdn24.img.ria.ru/images/155123/52/1551235246_0:321:3072:2048_600x0_80_0_0_78ce168a240f4e713407c8bf2a06fa29.jpg", "image_alt": "\"There is too much at stake.\" Economist on the negotiations the US and China", "post_content": ""}
{"category": "Presidential Election in Ukraine", "title": "'Final stage'. Political analyst about Poroshenko with a bottle", "post_slug": "final-stage-political-analyst-about-poroshenko-with-a-bottle", "image_src": "https://cdn23.img.ria.ru/images/155129/00/1551290084_0:0:2769:1558_600x0_80_0_0_85ba7a62342524b68b2aa7120d6b702e.jpg", "image_alt": "'Final stage'. Political analyst about Poroshenko with a bottle", "post_content": ""}
{"category": "Sputnik Radio", "title": "Expert: Bolton statement about Guaiido - 'soil sounding'", "post_slug": "expert-bolton-statement-about-guaiido-soil-sounding", "image_src": "https://cdn24.img.ria.ru/images/155081/86/1550818663_0:0:2691:1515_600x0_80_0_0_4713e4abc24cbe2a1138fa6cee652d4f.jpg", "image_alt": "Expert: Bolton statement about Guaiido - 'soil sounding'", "post_content": ""}
{"category": "Maxim Oreshkin", "title": "The work of the president would be interesting to any manager, said Oreshkin", "post_slug": "the-work-of-the-president-would-be-interesting-to-any-manager-said-oreshkin", "image_src": "https://cdn21.img.ria.ru/images/152930/44/1529304419_0:160:3072:1888_600x0_80_0_0_681daf7faed8fefe42dee0b380cbfd62.jpg", "image_alt": "The work of the president would be interesting to any manager, said Oreshkin", "post_content": ""}
{"category": "Society", "title": "\u042a: the Ministry of Transport proposed to fine for travel under the sign of the ecological zone", "post_slug": "the-ministry-of-transport-proposed-to-fine-for-travel-under-the-sign-of-the-ecological-zone", "image_src": "", "image_alt": "\u042a: the Ministry of Transport proposed to fine for travel under the sign of the ecological zone", "post_content": ""}
{"category": "Sochi", "title": "Two Sochi residents fined for illegally distributing religious leaflets", "post_slug": "two-sochi-residents-fined-for-illegally-distributing-religious-leaflets", "image_src": "", "image_alt": "Two Sochi residents fined for illegally distributing religious leaflets", "post_content": ""}
{"category": "Decl died", "title": "SC called the cause of death of Decl", "post_slug": "sc-called-the-cause-of-death-of-decl", "image_src": "https://cdn25.img.ria.ru/images/155030/75/1550307557_89:0:2000:1075_600x0_80_0_0_c4b3027b4c3246f1f9942e026888167b.jpg", "image_alt": "SC called the cause of death of Decl", "post_content": ""}
{"category": "Spain", "title": "Spanish Prime Minister signs decree dissolving parliament", "post_slug": "spanish-prime-minister-signs-decree-dissolving-parliament", "image_src": "https://cdn24.img.ria.ru/images/155093/06/1550930610_0:224:2592:1682_600x0_80_0_0_7e62078f777e9945fe7d21496e3ce73a.jpg", "image_alt": "Spanish Prime Minister signs decree dissolving parliament", "post_content": ""}
{"category": "Case of Scripal poisoning", "title": "In Germany, they see no reason to change the score in the Scripale case", "post_slug": "in-germany-they-see-no-reason-to-change-the-score-in-the-scripale-case", "image_src": "https://cdn24.img.ria.ru/images/103680/50/1036805086_0:169:2000:1294_600x0_80_0_0_8e2b9d7c3e0c00c901879913afeed3a4.jpg", "image_alt": "In Germany, they see no reason to change the score in the Scripale case", "post_content": ""}
